Title,Abstract,DocumentText,SourceURL
"A Corpus of eRulemaking User Comments for Measuring Evaluability of
Arguments","eRulemaking is a means for government agencies to directly reach citizens to solicit their opinions and experiences regarding newly proposed rules. The effort, however, is partly hampered by citizens’ comments that lack reasoning and evidence, which are largely ignored since government agencies are unable to evaluate the validity and strength. We present Cornell eRulemaking Corpus – CDCP, an argument mining corpus annotated with argumentative structure information capturing the evaluability of arguments. The corpus consists of 731 user comments on Consumer Debt Collection Practices (CDCP) rule by the Consumer Financial Protection Bureau (CFPB); the resulting dataset contains 4931 elementary unit and 1221 support relation annotations. It is a resource for building argument mining systems that can not only extract arguments from unstructured text, but also identify what additional information is necessary for readers to understand and evaluate a given argument. Immediate applications include providing real-time feedback to commenters, specifying which types of support for which propositions can be added to construct better-formed arguments.","A Corpus of eRulemaking User Comments for Measuring Evaluability of
Arguments
Joonsuk Park and Claire Cardie
Department of Computer Science, Williams College, Massachusetts, USA
Department of Computer Science, Cornell University, New York, USA
jpark@cs.williams.edu, cardie@cs.cornell.edu
Abstract
eRulemaking is a means for government agencies to directly reach citizens to solicit their opinions and experiences regarding newly
proposed rules. The effort, however, is partly hampered by citizens’ comments that lack reasoning and evidence, which are largely
ignored since government agencies are unable to evaluate the validity and strength. We present Cornell eRulemaking Corpus – CDCP,
an argument mining corpus annotated with argumentative structure information capturing the evaluability of arguments. The corpus
consists of 731 user comments on Consumer Debt Collection Practices (CDCP) rule by the Consumer Financial Protection Bureau
(CFPB); the resulting dataset contains 4931 elementary unit and 1221 support relation annotations. It is a resource for building argument
mining systems that can not only extract arguments from unstructured text, but also identify what additional information is necessary
for readers to understand and evaluate a given argument. Immediate applications include providing real-time feedback to commenters,
specifying which types of support for which propositions can be added to construct better-formed arguments.
Keywords: argument mining, e-government, e-rulemaking, text analytics
1 Introduction
The U.S. federal agencies amend rules in a highly trans￾parent manner, inviting public participation as they are
finalized. This is legally ensured in part by the require￾ment that agencies publish descriptions and rationale
behind newly proposed rules and solicit feedback from
the public (Park et al., 2012; Farina and Newhart, 2013).
However, the public participation tends to be dominated
by large corporations and interest groups (CSFFR, 2009);
eRulemaking is an ongoing effort to promote citizens’
participation in federal policymaking by using the latest
information technology to directly reach citizens and
incorporate their feedback (Lubbers et al., 2012).
Government agencies consider reasoning and validity of
supporting evidence, rather than a mere number of citizens
supporting an argument, to determine how the rules should
be adjusted to meet the needs of those who are directly
affected. Thus, useful feedback consists of clear reasoning
and objective evidence supporting factual claims (Park
et al., 2015). However, many comments are not written
this way, thwarting the government agencies’ effort to
communicate with citizens.
Consider the following comments from www.
regulationroom.org, an eRulemaking website:
(1) $400 is enough compensation,A as it can
cover a one-way fare across the US.B I checked
in a passenger on a $98.00 fare from east coast
to Las Vegas the other day.C
(2) All airfare costs should include the passen￾ger’s right to check at least one standard piece of
baggage.A All fees should be fully disclosed at
the time of airfare purchase, regardless of nature
(i.e. optional or mandatory).B Any changes in
fees should be identified by air carriers at least 6
months prior to taking effect.C
Comment 1 consists of propositions in support relations
that collectively form a single argument: Proposition 1.C is
an anecdotal evidence supporting Proposition 1.B, which
in turn is a reason explaining why Proposition 1.A is
true. Readers are able to make sense of the argument and
evaluate its validity and strength, because each proposition
is accompanied with a support of an appropriate type.
(Figure 1 shows a sample annotation capturing the above
discussion; see Section 3 for more details on the types
of support and when they are appropriate.) In contrast,
the propositions in Comment 2 are in no support relation
with one another. In fact, each proposition functions as
the conclusion of its own argument, where each argument
contains no support for its conclusion. This renders it
difficult for readers to understand the arguments, let alone
evaluate them. Thus, Comment 1 is much more desirable
for readers, whether it be government agencies or fellow
citizens.
The aforementioned difference between the arguments
Figure 1: Annotated Example Comments
1623
made in Comments 1 and 2 is captured by the no￾tion of evaluability of argument proposed by Park et
al. (2015)—are the propositions comprising a given argu￾ment adequately supported so as for readers to understand
and evaluate the validity or strength of the whole argument?
We present Cornell eRulemaking Corpus – CDCP, an
argument mining corpus annotated with argumentative
structure information capturing the evaluability of argu￾ments. We annotated 731 user comments on Consumer
Debt Collection Practices (CDCP) rule by the Con￾sumer Financial Protection Bureau (CFPB) posted on
www.regulationroom.org; the resulting dataset
contains 4931 elementary unit and 1221 support relation
annotations. It will be a valuable resource for building
argument mining systems that can not only extract argu￾ments from unstructured text, but also identify ways in
which a given argument can be improved with respect to its
evaluability. Immediate applications include automatically
ranking arguments based on their evaluability for a (crude)
identification of read-worthy comments and providing
real-time feedback to writers, specifying which types of
support for which propositions can be added to construct
better-formed arguments.
The remainder of this paper is organized as follows: We
discuss related work (Section 2), provide an overview of the
annotation scheme (Section 3), present an annotation study
(Section 4) and describe the resulting dataset (Section 5).
2 Related Work
This paper presents a corpus for the purpose of mining and
evaluating arguments in eRulemaking user comments. It is
closely related to two areas of research: argument mining
and argument quality assessment.
2.1 Argument Mining
Argument mining is a developing field of computational
linguistics that aims at identifying argumentative structures
in unstructured text. Extracting claims together with their
respective premises allows us to go beyond opinion mining
by considering the reasoning and rationale behind people’s
opinions. (Peldszus and Stede, 2013; Lippi and Torroni,
2016) Argument mining systems build on theoretical mod￾els of argument, which define argumentative components
and their relations in a variety of ways. Famous models
include the Toulmin Model (Toulmin, 1958) and argument
schemes (Walton et al., 2008). The Toulmin Model is
a general model of practical argumentation that can be
instantiated in many forms. The three major components
of the model are claim, warrant, and data, where warrant
explains how data supports the claim. One criticism,
which in turn make it challenging to build an argument
mining system base on this model, is that the model leaves
room for multiple interpretations. For example, according
to Eemeren et al. (1987), warrant is indistinguishable
from data. On the other hand, argument schemes cap￾ture specific patterns of argument that are in use; each
argument scheme specifies specific premises for the given
conclusion, as well as critical questions that can be used to
examine the strength of the given argument (Walton, 1996;
Blair, 2001). Having many specific premises, a subset of
which may not be present in the text, makes it difficult
for manual annotation and automatic classification. The
sheer number of argument schemes also causes additional
challenges in gathering enough examples for each scheme.
In this work, we adopt a model uniquely designed to
capture the evaluability of arguments, which is general
enough to model diverse argumentative structures that
appear in practical argumentation (Park et al., 2015).
Argument mining systems also differ in the domain,
resulting in datasets consisting of newspaper articles (Reed
et al., 2008), legal documents (Mochales and Moens,
2011), student essays (Stab and Gurevych, 2014), and
eRulemaking user comments (Park and Cardie, 2014;
Konat et al., 2016), to name a few. While ours is not the
first eRulemaking dataset, the task is different; Park and
Cardie (2014) targets elementary unit classification only,
and Konat et al. (2016) focuses on identifying divisive
issues between commenters by analyzing conflict relations
found across multiple comments in a thread. In contrast,
we examine support structures within a comment; our
dataset contains both elementary unit and support relation
annotation without cross-comment conflict annotation.
Also, the user comments comprising our dataset are
different from those in the aforementioned datasets.
2.2 Argument Quality Assessment
Measuring the quality of argument has long been a subject
of discussion and research, leading to a variety of dimen￾sions of quality (Toulmin, 1958; Perelman et al., 1969;
van Eemeren and Grootendorst, 2004; Johnson and Blair,
2006; Wachsmuth et al., 2017). More recently, argument
mining research is conducted with specific measures of
quality depending on the domain and purpose, such as
persuasiveness (Tan et al., 2016), strength (Persing and
Ng, 2015), acceptability (Cabrio and Villata, 2012), and
convincingness (Habernal and Gurevych, 2016). The
measure of quality we are interested in is evaluability (Park
et al., 2015). By examining arguments’ evaluability, we
aim to identify ways to improve them so that they can be
better understood and evaluated. For example, we answer
questions like, “Which propositions need additional
reasons or evidence supporting them?” This is the type of
constructive feedback that can help commenter improve
their arguments, unlike quality measures that results in a
single numeric score without specifying how an argument
can be improved.
3 Annotation Scheme
The annotators annotated the elementary units and support
relations defined in the argumentation model proposed
by Park et al. (2015). In this section, we provide a brief
overview of the model; please refer to the original paper
for more details.
1624
The goal of the model is to capture whether an argument
consists of explicitly stated premises that allow readers to
understand and evaluate the given argument. The model
defines five types of elementary units that are prevalent in
online comments, along with two types of support relations
between the units.
3.1 Elementary Units
Proposition of Non-Experiential Fact (FACT) : This
refers to an objective proposition “expressing or dealing
with facts or conditions as perceived without distortion by
personal feelings, prejudices, or interpretations.”1 By defi￾nition a FACT proposition has a truth value that can be ver￾ified with objective evidence. We restrict the notion of ver￾ifiability to pieces of evidence that may be available at the
time the claim is made; predictions about future are consid￾ered unverifiable. Here are examples from the dataset:
• Recently, courts have held that debt collectors can es￾cape 1692i’s venue provisions entirely by pursuing
debt collection through arbitration instead.
• banks can simply add this provision to their Loan Sale
Agreements.
• That process usually takes as much a 2 years or more.
Proposition of Experiential Fact (TESTIMONY) : This
refers to an objective proposition about the author’s per￾sonal state or experience. One major characteristic of
this type of objective propositions, as opposed to the non￾experiential counterparts classified as FACT, is that it is of￾ten practically impossible to provide objective evidence in
online commenting setting, in the form of URL or citation.
That is, evidence for TESTIMONY is not publicly available
in most cases. For example:
• Informing them that we wanted all debt collection to
be written was also ignored.
• A neighbor who has since moved away has had her
debts turned over to collection agencies.
• We receive repeated calls trying to get contact infor￾mation, even though we request to be taken off their
list.
Proposition of Value (VALUE) : This refers to a propo￾sition containing value judgments without making specific
claims about what should be done (If so, then it is a POLICY
proposition.). Because of the subjectivity of value judg￾ments, a VALUE proposition cannot be proved directly with
objective evidence; however, providing a reason as support
is feasible and appropriate. For example:
• That would be a starting point that can be expanded on
as the system is fine tuned.
• Admittedly, their system is much more complex and
dives much deeper than would be required for the debt
industry.
1
http://www.merriam-webster.com/
• However, the double penalty against the consumer is
certainly unfair.
Proposition of Policy (POLICY) : This refers to a proposi￾tion proposing a specific course of action to be taken. It typ￾ically contains modal verbs like “should” and “ought to.”
Just like VALUE, a POLICY proposition cannot be directly
proved with objective evidence, and a proper type of sup￾port is a logical reason from which the proposition can be
inferred. For example:
• They should not be allowed to contact anyone (other
than the debtor him/herself) more than once.
• I say there ought to be sanctions, monetary sanc￾tions, against these credit reporting agencies for mak￾ing these mistakes and their cavalier attitude.
• Set up a system where the consumer is on equal foot￾ing with the debt collectors.
Reference to a Resource (REFERENCE) : This refers to a
reference to a source of objective evidence. In online com￾ments, a REFERENCE is typically a citation or a URL of a
published work from a renowned source.For example:
• http://files.consumerfinance.gov/f/201309 cfpb agency￾brief 12-cv-04057.pdf
• http://www.myfico.com/CreditEducation/ImproveYour
Score.aspx
• <a target=” blank”href=”http://www.optoutprescreen.
com”>www.optoutprescreen.com</a>
3.2 Support Relations
Reason : An elementary unit X is a reason for a proposition
Y (of type POLICY, VALUE, FACT, or TESTIMONY) if X
provides rationale for Y. For example:
• Y: I urge the CFPB to include in a rule language inter￾preting 1692i as requiring debt collectors to proceed in
court, not through largely-unregulated arbitral forums.
X: As the NAF studies reflect, arbitration has not
proven a satisfactory alternative.
Evidence : An elementary unit X is evidence for a proposi￾tion Y (of type POLICY, VALUE, FACT, or TESTIMONY) if
it proves whether proposition Y is true or not. The possible
types of evidence are limited to TESTIMONY or REFER￾ENCE based on previous studies on what constitutes justi￾fied grounds (Toulmin and Janik, 1979; Hitchcock, 2005).
For example:
• Y: At least in Illinois there is a Caller ID spoofing law.
X: http://www.ilga.gov/legislation/ilcs/ilcs3.asp?ActID
=1355ChapterID=24
1625
3.3 Evaluability
An argument is evaluable if all propositions comprising
the given argument is supported by an explicit premise of
an appropriate type, as summarized in Table 1. The un￾derlying assumption is that readers are able to understand
the gist of an argument—and at least roughly evaluate its
strength—as long as one premise of an appropriate type is
explicitly stated for each proposition.2
Once elementary units and support relations comprising
an argument are identified, the evaluability of the given
argument can be determined. This is done by comparing
the appropriate types of support and the types of support
present in the argument, if any. In the process, additional
support that is necessary to make the given argument
evaluable (e.g.“A reason for proposition X needs to be
provided.”) can also be identified.
Proposition POLICY VALUE FACT TESTIMONY Type
Reason X X X X*
Evidence X X*
Table 1: Appropriate Support Types for Propositions
* Support can be provided, but it is not required.
4 Annotation Study
We annotated user comments on the Consumer Debt Col￾lection Practices (CDCP) rule. The discussion regarding
CDCP rule was hosted on www.regulationroom.org
with a partnership with the CFPB. The goal was for the
CFPB to hear about the first-hand experiences and con￾cerns regarding debt collection practices. According to
a voluntary user survey that asked the commenters to
self-identify themselves, about 64% of the comments
came from consumers, 22% from debt collectors, and the
remainder from others, such as consumer advocates and
counsellor organizations (Farina et al., 2017).
Each user comment was annotated by two annotators, who
independently determined the types of elementary units
and support relations among them using the GATE anno￾tation tool (Cunningham et al., 2011). A third annotator
manually resolved the conflicts to produce the final dataset.
An elementary unit is either a sentence or a clause; a
sentence is split into smaller units if there are multiple
independent clauses or an independent clause with a
subordinate clause of interest, such as a because-clause.
Non-argumentative portions of comments, such as
greetings and names, were removed as elementary unit
boundaries are determined in this way.
Inter-annotator agreement between 2 annotators is mea￾sured with Krippendorf’s α (Krippendorff, 1980) with
respect to elementary unit type (α=64.8%) and support
2
Please refer to Park et al. (2015) for formal definitions.
relations (α=44.1%); IDs of supported elementary units
are treated as labels for the supporting elementary units.3
The disagreements in elementary unit type annotation
mostly occurred between VALUE vs TESTIMONY and
VALUE vs FACT. The former is the case when a tes￾timony spans multiple propositions and a few of them
are subjective opinions about the experience. The latter
often happens with an elementary unit that contains both
subjective and objective expressions, e.g. “Unfortunate,
but yes they are allowed to deny due process and get away
with it.” In this case, annotators had to determine the
commenter’s main intention—is it to express the emotion
or state the fact? Depending on the answer, the given
elementary unit was either marked as VALUE or FACT.
(Allowing a more granular boundaries for elementary
units can solve this type of disagreement; however, an
undesirable effect of this is that automatic segmentation
becomes more challenging.)
5 Dataset
The resulting dataset, Cornell eRulemaking Corpus –
CDCP, consists of 731 comments, 4931 elementary units,
and 1221 support relations as summarized in Table 2.
About 45% of the elementary units are VALUE type, and
most support relations are reasons. Table 3 describes
annotated information in this dataset.
Figure 2 shows the types of supported elementary units
and those of supporting elementary units. The percentage
of supported elementary units decreases as the elementary
unit’s objectivity goes from the least objective (POLICY)
to the most objective (REFERENCE). One reason is that it
is easier to provide a reason as to why one thinks or feels
something (POLICY and VALUE) than to justify factual
propositions (FACT and TESTIMONY). Interestingly, even
though both POLICY and VALUE are subjective, there
is a notable difference in the support pattern; 51% of
POLICY propositions are supported, whereas only 28%
of VALUE propositions are supported. This means that
when commenters propose a specific course of actions
to be taken, they are more likely to provide support
for it. This is because POLICY propositions are often
the central claims of the comments, thus other propo￾sitions naturally support them. Also, unlike VALUE, a
simple expression of one’s thoughts and feelings, POL￾ICY, a proposal to act in a certain way, is associated with
persuasion, which benefits from explicitly stated reasoning.
A significant portion, roughly 75%, of support relation
annotations are between adjacent elementary units. While
commenters certainly tend to provide reasons immediately
after the proposition to be supported, it is also easier for
annotators to identify support relations in proximity. Thus,
support relations in the wild may be not as skewed toward
3Krippendorf’s α is suitable for our purpose as it is compatible
with various types of labeling, along with the ability to handle
missing annotations.
1626
POLICY VALUE FACT TESTIMONY REFERENCE Elementary Units Reason Evidence Support Relations
815 2182 785 1117 32 4931 1174 46 1220
Table 2: Number of Elementary Units and Support Relations in the Dataset (731 comments)
Figure 2: Types of Elementary Units in Support Relations (%)
Field Description
ID ID of the elementary unit
Text Text of the elementary unit
Type POLICY, VALUE, FACT, TESTIMONY or REFER￾ENCE
Reasons List of elementary unit IDs serving as reasons
Evidence List of elementary unit IDs serving as evidence
Table 3: Annotated Information: Each comment annotation
consists of a list of elementary units in the given comment
with fields described in this table.
those between adjacent elementary units.
6 Conclusion
We have presented Cornell eRulemaking Corpus – CDCP,
an argument mining corpus annotated with argumenta￾tive structure information capturing the evaluability of
arguments. The corpus consists of 731 user comments
on Consumer Debt Collection Practices (CDCP) rule by
by the Consumer Financial Protection Bureau (CFPB)
posted on www.regulationroom.org; the resulting
dataset consists of 4931 elementary unit and 1221 support
relation annotations. It will be a valuable resource for
building argument mining systems that can not only
extract arguments from unstructured text, but also identify
which additional information is necessary for readers to
understand and evaluate a given argument.
Future work includes: (1) construction of a larger corpus
using the same or similar annotation scheme and (2)
making use of the resources to train argument mining
systems (Niculae et al., 2017) and subsequent applications,
such as a commenting interface that provides real-time
feedback to help commenters construct evaluable argu￾ments. Domain adaptation is also desirable, since building
an argument mining dataset for individual domains incurs
a significant cost.
7 Bibliographical References
Blair, J. A. (2001). Walton’s argumentation schemes for
presumptive reasoning: A critique and development. Ar￾gumentation, 15(4):365–379.
Cabrio, E. and Villata, S. (2012). Combining textual en￾tailment and argumentation theory for supporting online
debates interactions. In Proceedings of the 50th Annual
Meeting of the Association for Computational Linguis￾tics (Volume 2: Short Papers), pages 208–212, Jeju Is￾land, Korea, July. Association for Computational Lin￾guistics.
CSFFR. (2009). Achieving the potential:the future of fed￾eral e-rulemaking. Technical report, Committee on the
Status & Future of Federal e-Rulemaking/American Bar
Association, Washington, DC.
Cunningham, H., Maynard, D., Bontcheva, K., Tablan, V.,
Aswani, N., Roberts, I., Gorrell, G., Funk, A., Roberts,
A., Damljanovic, D., Heitz, T., Greenwood, M. A., Sag￾gion, H., Petrak, J., Li, Y., and Peters, W. (2011). Text
Processing with GATE (Version 6).
Farina, C. R. and Newhart, M. J. (2013). Rulemaking 2.0:
Understanding and getting better public participation.
Farina, C. R., Blake, C. L., Newhart, M. J., and Nam, C.
(2017). Digital support for enhanced democratic partici￾pation in us rulemaking. In C. Prins, et al., editors, Dig￾ital Democracy in a Globalized World, chapter 10. Ed￾ward Elgar Publishing.
Habernal, I. and Gurevych, I. (2016). Which argument is
more convincing? analyzing and predicting convincing￾ness of web arguments using bidirectional lstm. In Pro￾ceedings of the 54th Annual Meeting of the Association
for Computational Linguistics (ACL 2016), volume Vol￾ume 1: Long Papers, page (to appear). Association for
Computational Linguistics, August.
Hitchcock, D. (2005). Good reasoning on the toulmin
model. Argumentation, 19(3):373–391.
Johnson, R. and Blair, J. (2006). Logical Self-defense. Key
titles in rhetoric, argumentation, and debate series. Inter￾national Debate Education Association.
1627
Konat, B., Lawrence, J., Park, J., Budzynska, K., and Reed,
C. (2016). A corpus of argument networks: Using graph
properties to analyse divisive issues. In Nicoletta Calzo￾lari (Conference Chair), et al., editors, Proceedings of the
Tenth International Conference on Language Resources
and Evaluation (LREC 2016), Paris, France, may. Euro￾pean Language Resources Association (ELRA).
Krippendorff, K. (1980). Content Analysis: An Introduc￾tion to Its Methodology. Sage commtext series. Sage
Publications.
Lippi, M. and Torroni, P. (2016). Argumentation mining:
State of the art and emerging trends. ACM Trans. Inter￾net Technol., 16(2):10:1–10:25, March.
Lubbers, J., of Administrative Law, A. B. A. S., Practice,
R., Government, A. B. A., and Division, P. S. L. (2012).
A Guide to Federal Agency Rulemaking. ABA Section
of Administrative Law and Regulatory Practice and Gov￾ernment and Public Sector Lawyers Division.
Mochales, R. and Moens, M.-F. (2011). Argumentation
mining. Artif. Intell. Law, 19(1):1–22, March.
Niculae, V., Park, J., and Cardie, C. (2017). Argument
mining with structured svms and rnns. In Proceedings
of the 55th Annual Meeting of the Association for Com￾putational Linguistics (Volume 1: Long Papers), pages
985–995. Association for Computational Linguistics.
Park, J. and Cardie, C. (2014). Identifying appropriate sup￾port for propositions in online user comments. In Pro￾ceedings of the First Workshop on Argumentation Min￾ing, pages 29–38, Baltimore, Maryland, June. Associa￾tion for Computational Linguistics.
Park, J., Klingel, S., Cardie, C., Newhart, M., Farina, C.,
and Vallbe, J.-J. (2012). Facilitative moderation for on- ´
line participation in erulemaking. In Proceedings of the
13th Annual International Conference on Digital Gov￾ernment Research, pages 173–182. ACM.
Park, J., Blake, C., and Cardie, C. (2015). Toward
machine-assisted participation in erulemaking: An argu￾mentation model of evaluability. In Proceedings of the
15th International Conference on Artificial Intelligence
and Law, ICAIL ’15, pages 206–210, New York, NY,
USA. ACM.
Peldszus, A. and Stede, M. (2013). From argument dia￾grams to argumentation mining in texts: A survey. Int. J.
Cogn. Inform. Nat. Intell., 7(1):1–31, January.
Perelman, C., Olbrechts-tyteca, L., Wilkinson, J., and
Weaver, P. (1969). The New Rhetoric. University of
Notre Dame P X.
Persing, I. and Ng, V. (2015). Modeling argument strength
in student essays. In Proceedings of the 53rd Annual
Meeting of the Association for Computational Linguis￾tics and the 7th International Joint Conference on Nat￾ural Language Processing (Volume 1: Long Papers),
pages 543–552.
Reed, C., Palau, R. M., Rowe, G., and Moens, M.-F.
(2008). Language resources for studying argument. In
LREC. European Language Resources Association.
Stab, C. and Gurevych, I. (2014). Annotating argument
components and relations in persuasive essays. In Ju￾nichi Tsujii et al., editors, Proceedings of the 25th In￾ternational Conference on Computational Linguistics
(COLING 2014), pages 1501–1510, Dublin, Ireland, Au￾gust. Dublin City University and Association for Compu￾tational Linguistics.
Tan, C., Niculae, V., Danescu-Niculescu-Mizil, C., and
Lee, L. (2016). Winning arguments: Interaction dynam￾ics and persuasion strategies in good-faith online discus￾sions. In Proceedings of the 25th International Confer￾ence on World Wide Web, WWW ’16, pages 613–624,
Republic and Canton of Geneva, Switzerland. Interna￾tional World Wide Web Conferences Steering Commit￾tee.
Toulmin, S.E., R. R. and Janik, A. (1979). An Introduction
to Reasoning. Macmillan Publishing Company.
Toulmin, S. E. (1958). The uses of argument. Cambridge
University Press.
van Eemeren, F. and Grootendorst, R. (2004). A System￾atic Theory of Argumentation: The Pragma-dialectical
Approach. A Systematic Theory of Argumentation:
The Pragma-dialectical Approach. Cambridge Univer￾sity Press.
van Eemeren, F., Grootendorst, R., and Kruiger, T. (1987).
Handbook of argumentation theory ; a critical survey of
classical backgrounds and modern studies. PDA Series.
Foris Publications.
Wachsmuth, H., Naderi, N., Hou, Y., Bilu, Y., Prabhakaran,
V., Thijm, T. A., Hirst, G., and Stein, B. (2017). Com￾putational argumentation quality assessment in natural
language. In Proceedings of the 15th Conference of the
European Chapter of the Association for Computational
Linguistics: Volume 1, Long Papers, pages 176–187, Va￾lencia, Spain, April. Association for Computational Lin￾guistics.
Walton, D., Reed, C., and Macagno, F. (2008). Argumen￾tation Schemes. Cambridge University Press.
Walton, D. (1996). Argumentation schemes for presump￾tive reasoning. Lawrence Erlbaum Associates.
1628",https://facultystaff.richmond.edu/~jpark/papers/jpark_lrec18.pdf
A Dataset for Statutory Reasoning in Tax Law Entailment and Question Answering,"Legislation can be viewed as a body of prescriptive rules expressed in natural language. The application of legislation to facts of a case we refer to as statutory reasoning, where those facts are also expressed in natural language. Computational statutory reasoning is distinct from most existing work in machine reading, in that much of the information needed for deciding a case is declared exactly once (a law), while the information needed in much of machine reading tends to be learned through distributional language statistics. To investigate the performance of natural language understanding approaches on statutory reasoning, we introduce a dataset, together with a legal-domain text corpus. Straightforward application of machine reading models exhibits low out-of-the-box performance on our questions, whether or not they have been fine-tuned to the legal domain. We contrast this with a hand-constructed Prolog-based system, designed to fully solve the task. These experiments support a discussion of the challenges facing statutory reasoning moving forward, which we argue is an interesting real-world task that can motivate the development of models able to utilize prescriptive rules specified in natural language.","A Dataset for Statutory Reasoning in Tax Law Entailment and
Question Answering
Nils Holzenberger
Johns Hopkins University
Baltimore, Maryland, USA
nilsh@jhu.edu
Andrew Blair-Stanek
U. of Maryland Carey School of Law
Baltimore, Maryland, USA
Johns Hopkins University
Baltimore, Maryland, USA
ablair-stanek@law.umaryland.edu
Benjamin Van Durme
Johns Hopkins University
Baltimore, Maryland, USA
vandurme@cs.jhu.edu
ABSTRACT
Legislation can be viewed as a body of prescriptive rules expressed
in natural language. The application of legislation to facts of a case
we refer to as statutory reasoning, where those facts are also ex￾pressed in natural language. Computational statutory reasoning is
distinct from most existing work in machine reading, in that much
of the information needed for deciding a case is declared exactly
once (a law), while the information needed in much of machine read￾ing tends to be learned through distributional language statistics.
To investigate the performance of natural language understanding
approaches on statutory reasoning, we introduce a dataset, together
with a legal-domain text corpus. Straightforward application of ma￾chine reading models exhibits low out-of-the-box performance on
our questions, whether or not they have been fine-tuned to the legal
domain. We contrast this with a hand-constructed Prolog-based
system, designed to fully solve the task. These experiments support
a discussion of the challenges facing statutory reasoning moving
forward, which we argue is an interesting real-world task that can
motivate the development of models able to utilize prescriptive
rules specified in natural language.
CCS CONCEPTS
• Applied computing → Law; • Computing methodologies →
Natural language processing; Knowledge representation and reason￾ing.
KEYWORDS
Law, NLP, Reasoning, Prolog
ACM Reference Format:
Nils Holzenberger, Andrew Blair-Stanek, and Benjamin Van Durme. 2020.
A Dataset for Statutory Reasoning in Tax Law Entailment and Question
Answering. In Proceedings of the 2020 Natural Legal Language Processing
(NLLP) Workshop, 24 August 2020, San Diego, US. ACM, New York, NY, USA,
8 pages.
1 INTRODUCTION
Early artificial intelligence research focused on highly-performant,
narrow-domain reasoning models, for instance in health [37, 40,
54] and law [30, 38]. Such expert systems relied on hand-crafted
inference rules and domain knowledge, expressed and stored with
Copyright © 2020 for this paper by its authors. Use permitted under Creative Commons
License Attribution 4.0 International (CC BY 4.0).
NLLP @ KDD 2020, August 24th, San Diego, US
© 2020 Copyright held by the owner/author(s).
the formalisms provided by databases [21]. The main bottleneck of
this approach is that experts are slow in building such knowledge
bases and exhibit imperfect recall, which motivated research into
models for automatic information extraction (e.g. Lafferty et al. [36]).
Systems for large-scale automatic knowledge base construction
have improved (e.g. Etzioni et al. [20], Mitchell et al. [41]), as well
as systems for sentence level semantic parsing [64]. Among others,
this effort has led to question-answering systems for games [22]
and, more recently, for science exams [14, 23, 27]. The challenges
include extracting ungrounded knowledge from semi-structured
sources, e.g. textbooks, and connecting high-performance symbolic
solvers with large-scale language models.
In parallel, models have begun to consider task definitions like
Machine Reading (MR) [46] and Recognizing Textual Entailment
(RTE) [15, 16] as not requiring the use of explicit structure. Instead,
the problem is cast as one of mapping inputs to high-dimensional,
dense representations that implicitly encode meaning [18, 45], and
are employed in building classifiers or text decoders, bypassing
classic approaches to symbolic inference.
This work is concerned with the problem of statutory reasoning
[62, 66]: how to reason about an example situation, a case, based
on complex rules provided in natural language. In addition to the
reasoning aspect, we are motivated by the lack of contemporary
systems to suggest legal opinions: while there exist tools to aid
lawyers in retrieving relevant documents for a given case, we are
unaware of any strong capabilities in automatic statutory reasoning.
Our contributions, summarized in Figure 2, include a novel
dataset based on US tax law, together with test cases (Section 2).
Decades-old work in expert systems could solve problems of the
sort we construct here, based on manually derived rules: we repli￾cate that approach in a Prolog-based system that achieves 100%
accuracy on our examples (Section 3). Our results demonstrate
that straightforward application of contemporary Machine Read￾ing models is not sufficient for our challenge examples (Section
5), whether or not they were adapted to the legal domain (Section
4). This is meant to provoke the question of whether we should
be concerned with: (a) improving methods in semantic parsing
in order to replace manual transduction into symbolic form; or
(b) improving machine reading methods in order to avoid explicit
symbolic solvers. We view this work as part of the conversation
including recent work in multi-hop inference [61], where our task
is more domain-specific but potentially more challenging.
NLLP @ KDD 2020, August 24th, San Diego, US Holzenberger, Blair-Stanek and Van Durme
Figure 1: Sample cases from our dataset. The questions can
be answered by applying the rules contained in the statutes
to the context.
Figure 2: Resources. Corpora on the left hand side were used
to build the datasets and models on the right hand side.
2 DATASET
Here, we describe our main contribution, the StAtutory Reason￾ing Assessment dataset (SARA): a set of rules extracted from the
statutes of the US Internal Revenue Code (IRC), together with a
set of natural language questions which may only be answered
correctly by referring to the rules1
.
The IRC2
contains rules and definitions for the imposition and
calculation of taxes. It is subdvided into sections, which in general,
define one or more terms: section 3306 defines the terms employ￾ment, employer and wages, for purposes of the federal unemploy￾ment tax. Sections are typically structured around a general rule,
followed by a number of exceptions. Each section and its subsec￾tions may be cast as a predicate whose truth value can be checked
against a state of the world. For instance, subsection 7703(a)(2):
an individual legally separated from his spouse under
a decree of divorce or of separate maintenance shall not
be considered as married
can be checked given an individual.
1The dataset can be found under https://nlp.jhu.edu/law/
2https://uscode.house.gov/browse/prelim@title26&edition=prelim
Slots are another major feature of the law. Each subsection refers
to a certain number of slots, which may be filled by existing entities
(in the above, individual, spouse, and decree of divorce or of separate
maintenance). Certain slots are implicitly filled: §7703(a)(1) and
(b)(3) mention a “spouse"", which must exist since the “individual"" is
married. Similarly, slots which have been filled earlier in the section
may be referred to later on. For instance, “household"" is mentioned
for the first time in §7703(b)(1), then again in §7703(b)(2) and in
§7703(b)(3). Correctly resolving slots is a key point in successfully
applying the law.
Overall, the IRC can be framed as a set of predicates formulated in
human language. The language used to express the law has an open
texture [29], which makes it particularly challenging for a computer￾based system to determine whether a subsection applies, and to
identify and fill the slots mentioned. This makes the IRC an excellent
corpus to build systems that reason with rules specified in natural
language, and have good language understanding capabilities.
2.1 Statutes and test cases
As the basis of our set of rules, we selected sections of the IRC
well-supported by Treasury Regulations, covering tax on individu￾als (§1), marriage and other legal statuses (§2, 7703), dependents
(§152), tax exemptions and deductions (§63, 68, 151) and employ￾ment (§3301, 3306). We simplified the sections to (1) remove highly
specific sections (e.g. those concerning the employment of sailors)
in order to keep the statutes to a manageable size, and (2) ensure
that the sections only refer to sections from the selected subset. For
ease of comparison with the original statutes, we kept the original
numbering and lettering, with no adjustment for removed sections.
For example, there is a section 63(d) and a section 63(f), but no
section 63(e). We assumed that any taxable year starts and ends at
the same time as the corresponding calendar year.
For each subsection extracted from the statutes, we manually
created two paragraphs in natural language describing a case, one
where the statute applies, and one where it does not. These snippets,
formulated as a logical entailment task, are meant to test a system’s
understanding of the statutes, as illustrated in Figure 1. The cases
were vetted by a law professor for coherence and plausibility. For
the purposes of machine learning, the cases were split into 176
train and 100 test samples, such that (1) each pair of positive and
negative cases belongs to the same split, and (2) each section is split
between train and test in the same proportions as the overall split.
Since tax legislation makes it possible to predict how much tax
a person owes, we created an additional set of 100 cases where the
task is to predict how much tax someone owes. Those cases were
created by randomly mixing and matching pairs of cases from the
first set of cases, and resolving inconsistencies manually. Those
cases are no longer a binary prediction task, but a task of predicting
an integer. The prediction results from taking into account the
entirety of the statutes, and involves basic arithmetic. The 100 cases
were randomly split into 80 training and 20 test samples.
Because the statutes were simplified, the answers to the cases
are not those that would be obtained with the current version of
the IRC. Some of the IRC counterparts of the statutes in our dataset
have been repealed, amended, or adjusted to reflect inflation.
A Dataset for Statutory Reasoning in Tax Law Entailment and Question Answering NLLP @ KDD 2020, August 24th, San Diego, US
Cross-references Explicit Implicit
Within the section 30 25
To another section 34 44
Table 1: Number of subsections containing cross-references
2.2 Key features of the corpus
While the corpus is based on a simplification of the Internal Rev￾enue Code, care was taken to retain prominent features of US law.
We note that the present task is only one aspect of legal reason￾ing, which in general involves many more modes of reasoning, in
particular interpreting regulations and prior judicial decisions. The
following features are quantified in Tables 1 to 4.
Reasoning with time. The timing of events (marriage, retirement,
income...) is highly relevant to determining whether certain sections
apply, as tax is paid yearly. In total, 62 sections refer to time. Some
sections require counting days, as in §7703(b)(1):
a household which constitutes for more than one-half of
the taxable year the principal place of abode of a child
or taking into account the absolute point in time as in §63(c)(7):
In the case of a taxable year beginning after December
31, 2017, and before January 1, 2026-
Exceptions and substitutions. Typically, each section of the IRC
starts by defining a general case and then enumerates a number of
exceptions to the rule. Additionally, some rules involve applying
a rule after substituting terms. A total of 50 sections formulate an
exception or a substitution. As an example, §63(f)(3):
In the case of an individual who is not married and is
not a surviving spouse, paragraphs (1) and (2) shall be
applied by substituting “$750"" for “$600"".
Numerical reasoning. Computing tax owed requires knowledge of
the basic arithmetic operations of adding, subtracting, multiplying,
dividing, rounding and comparing numbers. 55 sections involve
numerical reasoning. The operation to be used needs to be parsed
out of natural text, as in §1(c)(2):
$3,315, plus 28% of the excess over $22,100 if the taxable
income is over $22,100 but not over $53,500
Cross-references. Each section of the IRC will typically reference
other sections. Table 1 shows how this feature was preserved in
our dataset. There are explicit references within the same section,
as in §7703(b)(1):
an individual who is married (within the meaning of
subsection (a)) and who files a separate return
explicit references to another section, as in §3301:
There is hereby imposed on every employer (as defined
in section 3306(a)) for each calendar year an excise tax
and implicit references, as in §151(a), where “taxable income"" is
defined in §63:
the exemptions provided by this section shall be allowed
as deductions in computing taxable income.
Common sense knowledge. Four concepts, other than time, are left
undefined in our statutes: (1) kinship, (2) the fact that a marriage
ends if either spouse dies, (3) if an event has not ended, then it
is ongoing; if an event has no start, it has been true at any time
before it ends; and some events are instantaneous (e.g. payments ),
min max avg ± stddev median
Depth of leaf 1 6 3.6 ± 0.8 4
Depth of node 0 6 3.2 ± 1.0 3
Table 2: Statistics about the tree structure of the statutes
Vocabulary train 867 statutes 768
size test 535 combined 1596
min max avg stddev median
Sentence train 4 138 12.3 9.1 11
length test 4 34 11.6 4.5 10
(in words) statutes 1 88 16.5 14.9 12.5
combined 1 138 12.7 9.5 11
Case length train 1 9 4.2 1.7 4
(in test 2 7 3.8 1.3 4
sentences) combined 1 9 4.1 1.6 4
Case train 17 179 48.5 22.2 43
length test 17 81 41.6 14.7 38
(in words) combined 17 179 46.3 20.3 41
Section sentences 2 16 8.3 4.7 9
length words 62 1151 488.9 310.4 549
Table 3: Language statistics. The word “combined” means
merging the corpora mentioned above it.
min max average stddev median
train 0 2,242,833 85,804.86 258,179.30 15,506.50
test 0 243,097 65,246.50 78,123.13 26,874.00
combined 0 2,242,833 81,693.19 233,695.33 17,400.50
Table 4: Answers to numerical questions (in $).
(4) a person’s gross income is the sum of all income and payments
received by that person.
Hierarchical structure. Law statutes are divided into sections,
themselves divided into subsections, with highly variable depth and
structure. This can be represented by a tree, with a special ROOT
node of depth 0 connecting all the sections. This tree contains 132
leaves and 193 nodes (node includes leaves). Statistics about depth
are in Table 2.
3 PROLOG SOLVER
It has been shown that subsets of statutes can be expressed in first￾order logic, as described in Section 6. As a reaffirmation of this, and
as a topline for our task, we have manually translated the statutes
into Prolog rules and the cases into Prolog facts, such that each case
can be answered correctly by a single Prolog query3
. The Prolog
rules were developed based on the statutes, meaning that the Prolog
code clearly reflects the semantics of the textual form, as in Gunning
et al. [27]. This is primarily meant as a proof that a carefully crafted
reasoning engine, with perfect natural language understanding, can
solve this dataset. There certainly are other ways of representing
this given set of statutes and cases. The point of this dataset is not
to design a better Prolog system, but to help the development of
language understanding models capable of reasoning.
3.1 Statutes
Each subsection of the statutes was translated with a single rule,
true if the section applies, false otherwise. In addition, subsections
define slots that may be filled and reused in other subsections, as
described in Section 2. To solve this coreference problem, any term
appearing in a subsection and relevant across subsections is turned
3The Prolog program can be found under https://nlp.jhu.edu/law/
NLLP @ KDD 2020, August 24th, San Diego, US Holzenberger, Blair-Stanek and Van Durme
into an argument of the Prolog rule. The corresponding variable
may then be bound during the execution of a rule, and reused in a
rule executed later. Unfilled slots correspond to unbound variables.
To check whether a given subsection applies, the Prolog sys￾tem needs to rely on certain predicates, which directly reflect the
facts contained in the natural language descriptions of the cases.
For instance, how do we translate Alice and Bob got married on
January 24th, 1993 into code usable by Prolog? We rely on a set
of 61 predicates, following neo-davidsonian semantics [9, 17, 42].
The level of detail of these predicates is based on the granularity
of the statutes themselves. Anything the statutes do not define,
and which is typically expressed with a single word, is potentially
such a predicate: marriage, residing somewhere, someone paying
someone else, etc. The example above is translated in Figure 3.
3.2 Cases
marriage_(alice_and_bob).
agent_(alice_and_bob, alice).
agent_(alice_and_bob, bob).
start_(alice_and_bob, ""1993-01-24"").
Figure 3: Example predicates used.
The natural lan￾guage description
of each case was
manually translated
into the facts men￾tioned above. The
question or log￾ical entailment prompt
was translated into a Prolog query. For instance, Section 7703(b)(3)
applies to Alice maintaining her home for the year 2018. translates
to s7703_b_3(alice,home,2018). and How much tax does Alice
have to pay in 2017? translates to tax(alice,2017,Amount).
In the broader context of computational statutory reasoning,
the Prolog solver has three limitations. First, producing it requires
domain experts, while automatic generation is an open question.
Second, translating natural language into facts requires semantic
parsing capabilities. Third, small mistakes can lead to catastrophic
failure. An orthogonal approach is to replace logical operators and
explicit structure with high-dimensional, dense representations and
real-valued functions, both learned using distributional statistics.
Such a machine learning-based approach can be adapted to new
legislation and new domains automatically.
4 LEGAL NLP
As is commonly done in MR, we pretrained our models using two
unsupervised learning paradigms on a large corpus of legal text.
4.1 Text corpus
We curated a corpus consisting solely of freely-available tax law
documents with 147M tokens. The first half is drawn from cas [1],
a project of Harvard’s Law Library that scanned and OCR’ed many
of the library’s case-law reporters, making the text available upon
request to researchers. The main challenge in using this resource is
that it contains 1.7M U.S. federal cases, only a small percentage of
which are on tax law (as opposed to criminal law, breach of contract,
bankruptcy, etc.). Classifying cases by area is a non-trivial problem
[55], and tax-law cases are litigated in many different courts. We
used the heuristic of classifying a case as being tax-law if it met one
of the following criteria: the Commissioner of Internal Revenue
was a party; the case was decided by the U.S. Tax Court; or, the case
was decided by any other federal court, other than a trade tribunal,
with the United States as a party, and with the word tax appearing
in the first 400 words of the case’s written opinion.
The second half of this corpus consists of IRS private letter rul￾ings and unpublished U.S. Tax Court cases. IRS private letter rulings
are similar to cases, in that they apply tax law to one taxpayer’s
facts; they differ from cases in that they are written by IRS attorneys
(not judges), have less precedential authority than cases, and redact
names to protect taxpayer privacy. Unpublished U.S. Tax Court
cases are viewed by the judges writing them as less important than
those worthy of publication. These were downloaded as PDFs from
the IRS and Tax Court websites, OCR’ed with tesseract if needed,
and otherwise cleaned.
4.2 Tax vectors
Before training a word2vec model [39] on this corpus, we did two
tax-specific preprocessing steps to ensure that semantic units re￾mained together. First, we put underscores between multi-token
collocations that are tax terms of art, defined in either the tax code,
Treasury regulations, or a leading tax-law dictionary. Thus, “surviv￾ing spouse"" became the single token “surviving_spouse"". Second,
we turned all tax code sections and Treasury regulations into a
single token, stripped of references to subsections, subparagraphs,
and subclauses. Thus, “Treas. Reg. §1.162-21(b)(1)(iv)"" became the
single token “sec_1_162_21"". The vectors were trained at 500 dimen￾sions using skip-gram with negative sampling. A window size of 15
was found to maximize performance on twelve human-constructed
analogy tasks.
4.3 Legal BERT
We performed further training of BERT [18], on a portion of the full
case.law corpus, including both state and federal cases. We did
not limit the training to tax cases. Rather, the only cases excluded
were those under 400 characters (which tend to be summary orders
with little semantic content) and those before 1970 (when judicial
writing styles had become recognizably modern). We randomly
selected a subset of the remaining cases, and broke all selected
cases into chunks of exactly 510 tokens, which is the most BERT’s
architecture can handle. Any remaining tokens in a selected case
were discarded. Using solely the masked language model task (i.e.
not next sentence prediction), starting from Bert-Base-Cased, we
trained on 900M tokens.
The resulting Legal BERT has the exact same architecture as
Bert-Base-Cased but parameters better attuned to legal tasks. We
applied both models to the natural language questions and answers
in the corpus we introduce in this paper. While Bert-Base-Cased
had a perplexity of 14.4, Legal BERT had a perplexity of just 2.7,
suggesting that the further training on 900M tokens made the model
much better adapted to legal queries.
We also probed how this further training impacted ability to
handle fine-tuning on downstream tasks. The downstream task we
chose was identifying legal terms in case texts. For this task, we
defined legal terms as any tokens or multi-token collocations that
are defined in Black’s Law Dictionary [25], the premier legal dictio￾nary. We split the legal terms into training/dev/test splits. We put
a 4-layer fully-connected MLP on top of both Bert-Base-Cased
and Legal BERT, where the training objective was B-I-O tagging
of tokens in 510-token sequences. We trained both on a set of
A Dataset for Statutory Reasoning in Tax Law Entailment and Question Answering NLLP @ KDD 2020, August 24th, San Diego, US
200M tokens randomly selected from case.law cases not previ￾ously seen by the model and not containing any of the legal terms
in dev or test, with the training legal terms tagged using string
comparisons. We then tested both fine-tuned models’ ability to
identify legal terms from the test split in case law. The model
based on Bert-Base-Cased achieved F1 = 0.35, whereas Legal BERT
achieved F1 = 0.44. As a baseline, two trained lawyers given the same
task on three 510-token sequences each achieved F1 = 0.26. These
results indicate that Legal BERT is much better adapted to the legal
domain than Bert-Base-Cased. Black’s Law Dictionary has well￾developed standards for what terms are or are not included. BERT
models learn those standards via the train set, whereas lawyers
are not necessarily familiar with them. In addition, pre-processing
dropped some legal terms that were subsets of too many others,
which the lawyers tended to identify. This explains how BERT￾based models could outperform trained humans.
5 EXPERIMENTS
5.1 BERT-based models
In the following, we frame our task as textual entailment and numer￾ical regression. A given entailment prompt 𝑞 mentions the relevant
subsection (as in Figure 1)4
. We extract 𝑠, the text of the relevant
subsection, from the statutes. In 𝑞, we replace Section XYZ applies
with This applies. We feed the string “[CLS] + 𝑠 + [SEP] + 𝑞 + 𝑐
+ [SEP]"", where “+"" is string concatenation, to BERT [18]. Let 𝑟
be the vector representation of the token [CLS] in the final layer.
The answer (entailment or contradiction) is predicted as 𝑔(𝜃1 · 𝑟)
where 𝜃1 is a learnable parameter and 𝑔 is the sigmoid function.
For numerical questions, all statutes have to be taken into account,
which would exceed BERT’s length limit. We encode “[CLS] all
[SEP] + 𝑞 + 𝑐 + [SEP]"" into 𝑟 and predict the answer as 𝜇 + 𝜎𝜃2 · 𝑟
where 𝜃2 is a learned parameter, and 𝜇 and 𝜎 are the mean and
standard deviation of the numerical answers on the training set.
For entailment, we use a cross-entropy loss, and evaluate the
models using accuracy. We frame the numerical questions as a
taxpayer having to compute tax owed. By analogy with the concept
of “substantial understatement of income tax” from §6662(d), we
define Δ(𝑦,𝑦ˆ) =
|𝑦−𝑦ˆ|
max(0.1𝑦,5000)
where 𝑦 is the true amount of tax
owed, and 𝑦ˆ is the taxpayer’s prediction. The case Δ(𝑦,𝑦ˆ) ≥ 1
corresponds to a substantial over- or understatement of tax. We
compute the fraction of predictions 𝑦ˆ such that Δ(𝑦,𝑦ˆ) < 1 and
report that as numerical accuracy.5 The loss function used is:
L =
Õ
𝑖 ∈𝐼1
𝑦𝑖
log𝑦ˆ𝑖 + (1 − 𝑦𝑖) log(1 − 𝑦ˆ𝑖) + Õ
𝑖 ∈𝐼2
max(Δ(𝑦𝑖
,𝑦ˆ𝑖) − 1, 0)
where 𝐼1 (resp. 𝐼2) is the set of entailment (resp. numerical) ques￾tions, 𝑦𝑖
is the ground truth output, and 𝑦ˆ𝑖
is the model’s output.
We use Adam [34] with a linear warmup schedule for the learning
rate. We freeze BERT’s parameters, and experiment with unfreezing
BERT’s top layer. We select the final model based on early stopping
with a random 10% of the training examples reserved as a dev
set. The best performing model for entailment and for numerical
4The code for these experiments can be found under https://github.com/SgfdDttt/sara
5
For a company, a goal would be to have 100% accuracy (resulting in no tax penalties)
while paying the lowest amount of taxes possible (giving them something of an interest￾free loan, even if the IRS eventually collects the understated tax).
Model Features Inputs Entailment Numerical
Baseline - - 50 20 ± 15.8
BERT- BERT question 48 20 ± 15.8
based context 55 15 ± 14.1
statutes 49 5 ± 8.6
+ unfreeze statutes 53 20 ± 15.8
Legal BERT question 48 5 ± 8.6
context 49 5 ± 8.6
statutes 48 5 ± 8.6
+ unfreeze statutes 49 15 ± 14.1
feedforward tax vectors question 54 20 ± 15.8
neural context 49 20 ± 15.8
statutes 50 20 ± 15.8
word2vec question 50 20 ± 15.8
context 50 20 ± 15.8
statutes 50 20 ± 15.8
feedforward tax vectors question 51 20 ± 15.8
non-neural context 51 20 ± 15.8
statutes 47 25 ± 17.1
word2vec question 52 20 ± 15.8
context 51 20 ± 15.8
statutes 53 20 ± 15.8
Table 5: Test set scores. We report the 90% confidence inter￾val. All confidence intervals for entailment round to 8.3%.
questions are selected separately, during a hyperparameter search
around the recommended setting (batch size=32, learning rate=1e￾5). To check for bias in our dataset, we drop either the statute, or
the context and the statute, in which case we predict the answer
from BERT’s representation for “[CLS] + 𝑐 + [SEP] + 𝑞 + [SEP]"" or
“[CLS] + 𝑞 + [SEP]"", whichever is relevant.
5.2 Feedforward models
We follow Arora et al. [2] to embed strings into vectors, with
smoothing parameter equal to 10−3
. We use either tax vectors de￾scribed in Section 4 or word2vec vectors [39]. We estimate unigram
counts from the corpus used to build the tax vectors, or the train￾ing set, whichever is relevant. For a given context 𝑐 and question
or prompt 𝑞, we retrieve relevant subsection 𝑠 as above. Using
Arora et al. [2], 𝑠 is mapped to vector 𝑣𝑠 , and (𝑐, 𝑞) to 𝑣𝑐+𝑞. Let
𝑟 = [𝑣𝑠 , 𝑣𝑞+𝑐, |𝑣𝑠 − 𝑣𝑐+𝑞 |, 𝑣𝑠 ⊙ 𝑣𝑐+𝑞] where [𝑎, 𝑏] is the concatena￾tion of 𝑎 and 𝑏, |.| is the element-wise absolute value, and ⊙ is the
element-wise product. The answer is predicted as 𝑔(𝜃1 · 𝑓 (𝑟)) or
𝜇 + 𝜎𝜃2 · 𝑓 (𝑟), as above, where 𝑓 is a feed-forward neural network.
We use batch normalization between each layer of the neural net￾work [31]. As above, we perform ablation experiments, where we
drop the statute, or the context and the statute, in which case 𝑟
is replaced by 𝑣𝑐+𝑞 or 𝑣𝑞. We also experiment with 𝑓 being the
identity function (no neural network). Training is otherwise done
as above, but without the warmup schedule.
5.3 Results
We report the accuracy on the test set (in %) in Table 5. In our ab￾lation experiments, “question"" models have access to the question
only, “context"" to the context and question, and “statute"" to the
statutes, context and question. For entailment, we use a majority
baseline. For the numerical questions, we find the constant that
minimizes the hinge loss on the training set up to 2 digits: $11,023.
As a check, we swapped in the concatenation of the RTE datasets of
Bentivogli et al. [5], Dagan et al. [16], Giampiccolo et al. [26], Haim
NLLP @ KDD 2020, August 24th, San Diego, US Holzenberger, Blair-Stanek and Van Durme
et al. [28], and achieved 73.6% accuracy on the dev set with BERT,
close to numbers reported in Wang et al. [59]. BERT was trained on
Wikipedia, which contains snippets of law text: see article United
States Code and links therefrom, especially Internal Revenue Code.
Overall, models perform comparably to the baseline, independent
of the underlying method. Performance remains mostly unchanged
when dropping the statutes or statutes and context, meaning that
models are not utilizing the statutes. Adapting BERT or word vec￾tors to the legal domain has no noticeable effect. Our results suggest
that performance will not be improved through straightforward
application of a large-scale language model, unlike it is on other
datasets: Raffel et al. [45] achieved 94.8% accuracy on COPA [49]
using a large-scale multitask Transformer model, and BERT pro￾vided a huge jump in performance on both SQuAD 2.0 [46] (+8.2
F1) and SWAG [63] (+27.1 percentage points accuracy) datasets as
compared to predecessor models, pre-trained on smaller datasets.
Here, we focus on the creation of resources adapted to the legal
domain, and on testing off-the-shelf and historical solutions. Future
work will consider specialized reasoning models.
6 RELATED WORK
There have been several efforts to translate law statutes into expert
systems. Oracle Policy Automation has been used to formalize rules
in a variety of contexts. TAXMAN [38] focuses on corporate reorga￾nization law, and is able to classify a case into three different legal
types of reorganization, following a theorem-proving approach.
Sergot et al. [52] translate the major part of the British National￾ity Act 1981 into around 150 rules in micro-Prolog, proving the
suitability of Prolog logic to express and apply legislation. Bench￾Capon et al. [4] further discuss knowledge representation issues.
Closest to our work is Sherman [53], who manually translated part
of Canada’s Income Tax Act into a Prolog program. To our knowl￾edge, the projects cited did not include a dataset or task that the
programs were applied to. Other works have similarly described the
formalization of law statutes into rule-based systems [24, 30, 32, 51].
Yoshioka et al. [62] introduce a dataset of Japanese statute law
and its English translation, together with questions collected from
the Japanese bar exam. To tackle these two tasks, Kim et al. [33]
investigate heuristic-based and machine learning-based methods.
A similar dataset based on the Chinese bar exam was released
by Zhong et al. [66]. Many papers explore case-based reasoning
for law, with expert systems [43, 56], human annotations [8] or
automatic annotations [3] as well as transformer-based methods
[44]. Some datasets are concerned with very specific tasks, as in
tagging in contracts [10], classifying clauses [11], and classification
of documents [12] or single paragraphs [6]. Ravichander et al. [47]
have released a dataset of questions about privacy policies, elicited
from turkers and answered by legal experts. Saeidi et al. [50] frame
the task of statutory reasoning as a dialog between a user and a
dialog agent. A single rule, with or without context, and a series
of followup questions are needed to answer the original question.
Contrary to our dataset, rules are isolated from the rest of the body
of rules, and followup questions are part of the task.
Clark et al. [14] describe a decades-long effort to answer science
exam questions stated in natural language, based on descriptive
knowledge stated in natural language. Their system relies on a
variety of NLP and specialized reasoning techniques, with their
most significant gains recently achieved via contextual language
modeling. This line of work is the most related in spirit to where we
believe research in statutory reasoning should focus. An interesting
contrast is that while scientific reasoning is based on understanding
the physical world, which in theory can be informed by all manner
of evidence beyond texts, legal reasoning is governed by human￾made rules. The latter are true by virtue of being written down and
agreed to, and are not discovered through evidence and a scientific
process. Thus, statutory reasoning is an exceptionally pure instance
of a reasoner needing to understand prescriptive language.
Weston et al. [60] introduced a set of prerequisite toy tasks for
AI systems, which require some amount of reasoning and common
sense knowledge. Contrary to the present work, the types of ques￾tion in the train and test sets are highly related, and the vocabulary
overlap is quite high. Numeric reasoning appears in a variety of
MR challenges, such as in DROP [19].
Understanding procedural language – knowledge needed to per￾form a task – is related to the problem of understanding statutes,
and so we provide a brief description of some example investiga￾tions in that area. Zhang et al. [65] published a dataset of how-to
instructions, with human annotations defining key attributes (actee,
purpose...) and models to automatically extract the attributes. Simi￾larly, Chowdhury et al. [13] describe a dataset of human-elicited
procedural knowledge, and Wambsganß and Fromm [58] automati￾cally detect repair instructions from posts on an automotive forum.
Branavan et al. [7] employed text from an instruction manual to
improve the performance of a game-playing agent.
7 CONCLUSION
We introduce a resource of law statutes, a dataset of hand-curated
rules and cases in natural language, and a symbolic solver able
to represent these rules and solve the challenge task. Our hand￾built solver contrasts with our baselines based on current NLP
approaches, even when we adapt them to the legal domain.
The intersection between NLP and the legal domain is a growing
area of research [3, 11, 33, 35, 48], but with few large-scale system￾atic resources. Thus, in addition to the exciting challenge posed by
statutory reasoning, we also intend this paper to be a contribution
to legal-domain natural language processing.
Given the poor out-of-the box performance of otherwise very
powerful models, this dataset, which is quite small compared to typ￾ical MR resources, raises the question of what the most promising
direction of research would be. An important feature of statutory
reasoning is the relative difficulty and expense in generating care￾fully constructed training data: legal texts are written for and by
lawyers, who are cost-prohibitive to employ in bulk. This is un￾like most instances of MR where everyday texts can be annotated
through crowdsourcing services. There are at least three strategies
open to the community: automatic extraction of knowledge graphs
from text with the same accuracy as we did for our Prolog solver
[57]; improvements in MR to be significantly more data efficient in
training; or new mechanisms for the efficient creation of training
data based on pre-existing legal cases.
Going forward, we hope our resource provides both (1) a bench￾mark for a challenging aspect of natural legal language processing
as well as for machine reasoning, and (2) legal-domain NLP models
useful for the research community.
A Dataset for Statutory Reasoning in Tax Law Entailment and Question Answering NLLP @ KDD 2020, August 24th, San Diego, US
REFERENCES
[1] 2019. Caselaw Access Project. http://case.law
[2] Sanjeev Arora, Yingyu Liang, and Tengyu Ma. 2016. A simple but tough-to-beat
baseline for sentence embeddings. (2016).
[3] Kevin D Ashley and Stefanie Brüninghaus. 2009. Automatically classifying
case texts and predicting outcomes. Artificial Intelligence and Law 17, 2 (2009),
125–165.
[4] Trevor JM Bench-Capon, Gwen O Robinson, Tom W Routen, and Marek J Sergot.
1987. Logic programming for large scale applications in law: A formalisation of
supplementary benefit legislation. In Proceedings of the 1st international conference
on Artificial intelligence and law. 190–198.
[5] Luisa Bentivogli, Peter Clark, Ido Dagan, and Danilo Giampiccolo. 2009. The
Fifth PASCAL Recognizing Textual Entailment Challenge.. In TAC.
[6] Carlo Biagioli, Enrico Francesconi, Andrea Passerini, Simonetta Montemagni,
and Claudia Soria. 2005. Automatic semantics extraction in law documents. In
Proceedings of the 10th international conference on Artificial intelligence and law.
133–140.
[7] SRK Branavan, David Silver, and Regina Barzilay. 2012. Learning to win by
reading manuals in a monte-carlo framework. Journal of Artificial Intelligence
Research 43 (2012), 661–704.
[8] Stefanie Bruninghaus and Kevin D Ashley. 2003. Predicting outcomes of case
based legal arguments. In Proceedings of the 9th international conference on Artifi￾cial intelligence and law. 233–242.
[9] Hector Neri Castañeda. 1967. Comment on D. Davidson’s “The logical forms of
action sentences”. The Logic of Decision and Action (1967).
[10] Ilias Chalkidis and Ion Androutsopoulos. 2017. A Deep Learning Approach to
Contract Element Extraction.. In JURIX. 155–164.
[11] Ilias Chalkidis, Ion Androutsopoulos, and Achilleas Michos. 2018. Obligation and
prohibition extraction using hierarchical rnns. arXiv preprint arXiv:1805.03871
(2018).
[12] Ilias Chalkidis, Manos Fergadiotis, Prodromos Malakasiotis, and Ion Androut￾sopoulos. 2019. Large-Scale Multi-Label Text Classification on EU Legislation.
arXiv preprint arXiv:1906.02192 (2019).
[13] Debajyoti Paul Chowdhury, Arghya Biswas, Tomasz Sosnowski, and Kristina
Yordanova. 2020. Towards Evaluating Plan Generation Approaches with Instruc￾tional Texts. arXiv preprint arXiv:2001.04186 (2020).
[14] Peter Clark, Oren Etzioni, Tushar Khot, Bhavana Dalvi Mishra, Kyle Richardson,
Ashish Sabharwal, Carissa Schoenick, Oyvind Tafjord, Niket Tandon, Sumithra
Bhakthavatsalam, et al. 2019. From’F’to’A’on the NY Regents Science Exams: An
Overview of the Aristo Project. arXiv preprint arXiv:1909.01958 (2019).
[15] Robin Cooper, Dick Crouch, Jan Van Eijck, Chris Fox, Johan Van Genabith, Jan
Jaspars, Hans Kamp, David Milward, Manfred Pinkal, Massimo Poesio, et al. 1996.
Using the framework. Technical Report. Technical Report LRE 62-051 D-16, The
FraCaS Consortium.
[16] Ido Dagan, Oren Glickman, and Bernardo Magnini. 2005. The PASCAL recog￾nising textual entailment challenge. In Machine Learning Challenges Workshop.
Springer, 177–190.
[17] Donald Davidson. 1967. The logical forms of action sentences. The Logic of
Decision and Action (1967).
[18] Jacob Devlin, Ming-Wei Chang, Kenton Lee, and Kristina Toutanova. 2018. Bert:
Pre-training of deep bidirectional transformers for language understanding. arXiv
preprint arXiv:1810.04805 (2018).
[19] Dheeru Dua, Yizhong Wang, Pradeep Dasigi, Gabriel Stanovsky, Sameer Singh,
and Matt Gardner. 2019. DROP: A reading comprehension benchmark requiring
discrete reasoning over paragraphs. arXiv preprint arXiv:1903.00161 (2019).
[20] Oren Etzioni, Michele Banko, Stephen Soderland, and Daniel S Weld. 2008. Open
information extraction from the web. Commun. ACM 51, 12 (2008), 68–74.
[21] Edward A Feigenbaum. 1992. Expert systems: principles and practice. (1992).
[22] David Ferrucci, Eric Brown, Jennifer Chu-Carroll, James Fan, David Gondek,
Aditya A Kalyanpur, Adam Lally, J William Murdock, Eric Nyberg, John Prager,
et al. 2010. Building Watson: An overview of the DeepQA project. AI magazine
31, 3 (2010), 59–79.
[23] Noah S Friedland, Paul G Allen, Gavin Matthews, Michael Witbrock, David Baxter,
Jon Curtis, Blake Shepard, Pierluigi Miraglia, Jurgen Angele, Steffen Staab, et al.
2004. Project halo: Towards a digital aristotle. AI magazine 25, 4 (2004), 29–29.
[24] Wachara Fungwacharakorn and Ken Satoh. 2018. Legal Debugging in Proposi￾tional Legal Representation. In JSAI International Symposium on Artificial Intelli￾gence. Springer, 146–159.
[25] Bryan A Gardner. 2019. Black’s Law Dictionary (11 ed.).
[26] Danilo Giampiccolo, Bernardo Magnini, Ido Dagan, and Bill Dolan. 2007. The
third pascal recognizing textual entailment challenge. In Proceedings of the ACL￾PASCAL workshop on textual entailment and paraphrasing. Association for Com￾putational Linguistics, 1–9.
[27] David Gunning, Vinay K Chaudhri, Peter E Clark, Ken Barker, Shaw-Yi Chaw,
Mark Greaves, Benjamin Grosof, Alice Leung, David D McDonald, Sunil Mishra,
et al. 2010. Project Halo Update—Progress Toward Digital Aristotle. AI Magazine
31, 3 (2010), 33–58.
[28] R Bar Haim, Ido Dagan, Bill Dolan, Lisa Ferro, Danilo Giampiccolo, Bernardo
Magnini, and Idan Szpektor. 2006. The second pascal recognising textual entail￾ment challenge. In Proceedings of the Second PASCAL Challenges Workshop on
Recognising Textual Entailment.
[29] Herbert Lionel Adolphus Hart and Herbert Lionel Adolphus Hart. 2012. The
concept of law. Oxford university press.
[30] Robert Hellawell. 1980. A computer program for legal planning and analysis:
Taxation of stock redemptions. Columbia Law Review 80, 7 (1980), 1363–1398.
[31] Sergey Ioffe and Christian Szegedy. 2015. Batch normalization: Accelerating
deep network training by reducing internal covariate shift. arXiv preprint
arXiv:1502.03167 (2015).
[32] Imran Khan, Muhammad Sher, Javed I Khan, Syed M Saqlain, Anwar Ghani,
Husnain A Naqvi, and Muhammad Usman Ashraf. 2016. Conversion of legal text
to a logical rules set from medical law using the medical relational model and the
world rule model for a medical decision support system. In Informatics, Vol. 3.
Multidisciplinary Digital Publishing Institute, 2.
[33] Mi-Young Kim, Juliano Rabelo, and Randy Goebel. 2019. Statute Law Informa￾tion Retrieval and Entailment. In Proceedings of the Seventeenth International
Conference on Artificial Intelligence and Law. 283–289.
[34] Diederik P Kingma and Jimmy Ba. 2014. Adam: A method for stochastic opti￾mization. arXiv preprint arXiv:1412.6980 (2014).
[35] Anastassia Kornilova and Vladimir Eidelman. 2019. BillSum: A Corpus for
Automatic Summarization of US Legislation. In Proceedings of the 2nd Workshop
on New Frontiers in Summarization. Association for Computational Linguistics,
Hong Kong, China, 48–56. https://doi.org/10.18653/v1/D19-5406
[36] John Lafferty, Andrew McCallum, and Fernando CN Pereira. 2001. Conditional
random fields: Probabilistic models for segmenting and labeling sequence data.
(2001).
[37] Robert S Ledley and Lee B Lusted. 1959. Reasoning foundations of medical
diagnosis. Science 130, 3366 (1959), 9–21.
[38] L Thorne McCarty. 1976. Reflections on TAXMAN: An experiment in artificial
intelligence and legal reasoning. Harv. L. Rev. 90 (1976), 837.
[39] Tomas Mikolov, Ilya Sutskever, Kai Chen, Greg S Corrado, and Jeff Dean. 2013.
Distributed representations of words and phrases and their compositionality. In
Advances in neural information processing systems. 3111–3119.
[40] Randolph A Miller, Harry E Pople Jr, and Jack D Myers. 1982. Internist-I, an
experimental computer-based diagnostic consultant for general internal medicine.
New England Journal of Medicine 307, 8 (1982), 468–476.
[41] Tom Mitchell, William Cohen, Estevam Hruschka, Partha Talukdar, Bishan Yang,
Justin Betteridge, Andrew Carlson, Bhanava Dalvi, Matt Gardner, Bryan Kisiel,
et al. 2018. Never-ending learning. Commun. ACM 61, 5 (2018), 103–115.
[42] Terence Parsons. 1990. Events in the Semantics of English. Vol. 334. MIT press
Cambridge, MA.
[43] Walter G Popp and Bernhard Schlink. 1974. Judith, a computer program to advise
lawyers in reasoning a case. Jurimetrics J. 15 (1974), 303.
[44] Juliano Rabelo, Mi-Young Kim, and Randy Goebel. 2019. Combining Similarity and
Transformer Methods for Case Law Entailment. In Proceedings of the Seventeenth
International Conference on Artificial Intelligence and Law. 290–296.
[45] Colin Raffel, Noam Shazeer, Adam Roberts, Katherine Lee, Sharan Narang,
Michael Matena, Yanqi Zhou, Wei Li, and Peter J Liu. 2019. Exploring the lim￾its of transfer learning with a unified text-to-text transformer. arXiv preprint
arXiv:1910.10683 (2019).
[46] Pranav Rajpurkar, Robin Jia, and Percy Liang. 2018. Know What You Don’t Know:
Unanswerable Questions for SQuAD. In Proceedings of the 55th Annual Meeting
of the Association for Computational Linguistics.
[47] Abhilasha Ravichander, Alan W Black, Shomir Wilson, Thomas Norton, and
Norman Sadeh. 2019. Question Answering for Privacy Policies: Combining
Computational and Legal Perspectives. arXiv preprint arXiv:1911.00841 (2019).
[48] Edwina L Rissland, Kevin D Ashley, and Ronald Prescott Loui. 2003. AI and Law:
A fruitful synergy. Artificial Intelligence 150, 1-2 (2003), 1–15.
[49] Melissa Roemmele, Cosmin Adrian Bejan, and Andrew S Gordon. 2011. Choice
of plausible alternatives: An evaluation of commonsense causal reasoning. In
2011 AAAI Spring Symposium Series.
[50] Marzieh Saeidi, Max Bartolo, Patrick Lewis, Sameer Singh, Tim Rocktäschel,
Mike Sheldon, Guillaume Bouchard, and Sebastian Riedel. 2018. Interpretation
of natural language rules in conversational machine reading. arXiv preprint
arXiv:1809.01494 (2018).
[51] Ken Satoh, Kento Asai, Takamune Kogawa, Masahiro Kubota, Megumi Naka￾mura, Yoshiaki Nishigai, Kei Shirakawa, and Chiaki Takano. 2010. PROLEG: an
implementation of the presupposed ultimate fact theory of Japanese civil code by
PROLOG technology. In JSAI International Symposium on Artificial Intelligence.
Springer, 153–164.
[52] Marek J. Sergot, Fariba Sadri, Robert A. Kowalski, Frank Kriwaczek, Peter Ham￾mond, and H Terese Cory. 1986. The British Nationality Act as a logic program.
Commun. ACM 29, 5 (1986), 370–386.
[53] David M Sherman. 1987. A Prolog model of the income tax act of Canada. In
Proceedings of the 1st international conference on Artificial intelligence and law.
127–136.
NLLP @ KDD 2020, August 24th, San Diego, US Holzenberger, Blair-Stanek and Van Durme
[54] Edward H Shortliffe and Bruce G Buchanan. 1975. A model of inexact reasoning
in medicine. Mathematical biosciences 23, 3-4 (1975), 351–379.
[55] Jerrold Soh, How Khang Lim, and Ian Ernst Chai. 2019. Legal Area Classification:
A Comparative Study of Text Classifiers on Singapore Supreme Court Judgments.
Association for Computational Linguistics, Minneapolis, Minnesota.
[56] Anne vdL Gardner. 1983. The design of a legal analysis program. In AAAI-83.
114–118.
[57] Lai Dac Viet, Vu Trong Sinh, Nguyen Le Minh, and Ken Satoh. 2017. ConvAMR:
Abstract meaning representation parsing for legal document. arXiv preprint
arXiv:1711.06141 (2017).
[58] Thiemo Wambsganß and Hansjörg Fromm. 2019. Mining User-Generated Repair
Instructions from Automotive Web Communities. In Proceedings of the 52nd
Hawaii International Conference on System Sciences.
[59] Alex Wang, Yada Pruksachatkun, Nikita Nangia, Amanpreet Singh, Julian Michael,
Felix Hill, Omer Levy, and Samuel Bowman. 2019. Superglue: A stickier bench￾mark for general-purpose language understanding systems. In Advances in Neural
Information Processing Systems. 3261–3275.
[60] Jason Weston, Antoine Bordes, Sumit Chopra, Alexander M Rush, Bart van Mer￾riënboer, Armand Joulin, and Tomas Mikolov. 2015. Towards ai-complete question
answering: A set of prerequisite toy tasks. arXiv preprint arXiv:1502.05698 (2015).
[61] Zhilin Yang, Peng Qi, Saizheng Zhang, Yoshua Bengio, William Cohen, Ruslan
Salakhutdinov, and Christopher D. Manning. 2018. HotpotQA: A Dataset for
Diverse, Explainable Multi-hop Question Answering. In Proceedings of the 2018
Conference on Empirical Methods in Natural Language Processing. Association
for Computational Linguistics, Brussels, Belgium, 2369–2380. https://doi.org/10.
18653/v1/D18-1259
[62] Masaharu Yoshioka, Yoshinobu Kano, Naoki Kiyota, and Ken Satoh. 2018.
Overview of japanese statute law retrieval and entailment task at coliee-2018. In
Twelfth International Workshop on Juris-informatics (JURISIN 2018).
[63] Rowan Zellers, Yonatan Bisk, Roy Schwartz, and Yejin Choi. 2018. Swag: A large￾scale adversarial dataset for grounded commonsense inference. arXiv preprint
arXiv:1808.05326 (2018).
[64] Sheng Zhang, Xutai Ma, Kevin Duh, and Benjamin Van Durme. 2019. Broad￾Coverage Semantic Parsing as Transduction. In Proceedings of the 2019 Conference
on Empirical Methods in Natural Language Processing and the 9th International
Joint Conference on Natural Language Processing (EMNLP-IJCNLP). Association
for Computational Linguistics, Hong Kong, China, 3786–3798. https://doi.org/
10.18653/v1/D19-1392
[65] Ziqi Zhang, Philip Webster, Victoria S Uren, Andrea Varga, and Fabio Ciravegna.
2012. Automatically Extracting Procedural Knowledge from Instructional Texts
using Natural Language Processing.. In LREC, Vol. 2012. 520–527.
[66] Haoxi Zhong, Chaojun Xiao, Cunchao Tu, Tianyang Zhang, Zhiyuan Liu, and
Maosong Sun. 2019. JEC-QA: A Legal-Domain Question Answering Dataset.
arXiv preprint arXiv:1911.12011 (2019).",https://ceur-ws.org/Vol-2645/paper5.pdf
Legal Linking: Citation Resolution and Suggestion in Constitutional Law,"This paper describes a dataset and baseline systems for linking paragraphs from court cases to clauses or amendments in the US Constitution. We implement a rule-based system, a linear model, and a neural architecture for matching pairs of paragraphs, taking training data from online databases in a distantly-supervised fashion. In experiments on a manually-annotated evaluation set, we find that our proposed neural system outperforms a rules-driven baseline. Qualitatively, this performance gap seems largest for abstract or indirect links between documents, which suggests that our system might be useful for answering political science and legal research questions or discovering novel links. We release the dataset along with the manuallyannotated evaluation set to foster future work.","Proceedings of the Natural Legal Language Processing Workshop 2019, pages 39–44
Minneapolis, Minesotta, June 7, 2019. c 2019 Association for Computational Linguistics
39
Legal Linking: Citation Resolution and Suggestion in Constitutional Law
Robert Shaffer∗
Perry World House
University of Pennsylvania
shafferr@upenn.edu
Stephen Mayhew∗
Computer and Information Science
University of Pennsylvania
mayhew@seas.upenn.edu
Abstract
This paper describes a dataset and baseline
systems for linking paragraphs from court
cases to clauses or amendments in the US
Constitution. We implement a rule-based sys￾tem, a linear model, and a neural architec￾ture for matching pairs of paragraphs, tak￾ing training data from online databases in a
distantly-supervised fashion. In experiments
on a manually-annotated evaluation set, we
find that our proposed neural system outper￾forms a rules-driven baseline. Qualitatively,
this performance gap seems largest for abstract
or indirect links between documents, which
suggests that our system might be useful for
answering political science and legal research
questions or discovering novel links. We re￾lease the dataset along with the manually￾annotated evaluation set to foster future work.
1 Introduction
Authors of legal texts are frequently interested
in understanding how their document relates to
a knowledge base or to some reference text or
corpus. Because legal reasoning relies on ref￾erences to preexisting precedent, identifying the
documents or document sections (e.g. court cases;
constitutional provisions) that relate to the au￾thor’s current argument or topic of interest is an
important task. However, constructing these ref￾erence links is labor-intensive, particularly if the
set of reference texts is large or the link is ambigu￾ous. Automating this linkage task therefore offers
useful assistance for authors of legal texts.
Linking systems of this kind are also useful for
answering important political science and legal re￾search questions. For example, in US Constitu￾tional law, the Supreme Court has anecdotally ap￾peared more receptive to arguments that combine
∗Authors contributed equally. Order chosen by coin flip.
multiple Constitutional rights.1 However, without
an automated linking system, identifying instances
of rhetorical “commingling” of rights is labor￾intensive. Outside the American context, even
simple data on the frequency with which judges in￾voke particular constitutional rights are difficult to
gather. A generic, automated system capable of in￾ferring links between sections of judicial opinions
and related legal texts2 would therefore be valu￾able for legal and political science researchers.
With this motivation, we present a method for
linking pairs of documents – here, Supreme Court
case paragraphs and Constitution sections – based
on distantly-annotated training data. Our model
operates on the level of short pieces of text, such
as paragraphs, and gives a binary decision between
pairs of texts, marking a presence or absence of
a link. As we describe, a key challenge we face
is that our training data are generated using rules￾based heuristics, and are thus highly incomplete.
As a result, one of our main contributions is a data
preprocessing step that “strips” rules-based lan￾guage from the training data. In our experiments,
we find that this step combined with a modern
neural network model allows our system to sub￾stantially outperform both rules-driven and non￾neural baselines on a manually-tagged evaluation
set. Qualitatively, this performance gap appears
largest for paragraphs that contain abstract or indi￾rect references to Constitutional provisions, which
suggests that the system we propose might also be
useful for discovering new links not identified by
existing techniques.
1E.g., Lamb’s Chapel v. Center Moriches Union Free
School District (508 U.S. 384) and related religious speech
cases, which successfully combine free speech and free ex￾ercise of religion arguments. See McCloskey and Levinson
(2016, 162-163) for further discussion.
2E.g. other national constitutions, as in Elkins et al.
(2014).
40
2 Related Work
In the legal domain, initiatives including the Cor￾nell Legal Information Institute have constructed
standardized citation templates to assist users in￾terested in linking citations of various formats (see
Casanovas et al. (2016) for an overview). How￾ever, these systems are not designed to infer ci￾tations based on plain-text excerpts, which is our
problem of interest. Schwartz et al. (2015) pro￾pose a topic model-based approach that suggests
citations to relevant US Supreme Court case law
based on user-inputted free text. Because this sys￾tem only draws links between excerpts and full
Supreme Court cases, it is coarser than ours, but
provides perhaps the closest point of comparison
in the legal domain (Branting, 2017). A closer
comparison point is Nomoto (2018), who propose
an approach that infers paragraph-level citation
links between published scientific papers.
The methods that we adopt to solve this prob￾lem draw inspiration from several fields in natu￾ral language processing (NLP) and machine learn￾ing, including multilabel classification (Boutell
et al., 2004; Nam et al., 2014), dataless classi￾fication (Chang et al., 2008), citation resolution
(Duma and Klein, 2014), and entity linking (Rati￾nov et al., 2011; Shen et al., 2015). Our method
of collecting training data is reminiscent of distant
supervision techniques (Mintz et al., 2009).
3 Data Collection
To obtain training data, we draw on the Cornell
Legal Information Institute (Cornell LII)’s reposi￾tory of US Supreme Court opinion texts.3 We be￾gan by scraping all text associated with all opin￾ions available through the Cornell LII site. For
each case, we then removed all HTML markup,
editorial information, and other non-opinion lan￾guage (e.g. footnotes, case summaries, or front
matter), and split the remaining text into para￾graphs. For each paragraph, we then checked
whether that paragraph contained a hyperlink to
a section of the US Constitution. If any hyperlinks
were present, we stored the paragraph and linked
Constitution section(s) as training pair(s). Finally,
we removed any duplicate paragraphs. This pro￾cess left us with a total dataset of ∼ 328k unique
paragraphs, of which ∼ 8k contained at least one
link, and a total of ∼ 11k links.
3
https://www.law.cornell.edu/
Inspecting these data, we noticed that the anno￾tation was inconsistent and incomplete. For ex￾ample, not all paragraphs with the phrase “First
Amendment” linked to the First Amendment. To
solve this problem, we manually created a small
list of rules for annotation. The list contained
about 100 rules, and consisted mainly of map￾ping amendment names (“Seventh Amendment”
or “7th Amendment”) to the correct label. We
also included several representative phrases, such
as “free speech”, “due process clause”, and others.
After this annotation, we had ∼ 36k paragraphs
with at least one link, and ∼ 41k links total.
Though convenient, this process created certain
trivial dependencies between linked paragraphs,
which might limit a model’s ability to general￾ize. Because hyperlinks and rules are associated
with text, all linked paragraphs necessarily contain
rule strings that correspond to the linked Constitu￾tion section. For example, all paragraphs that link
to the First Amendment necessarily contain rule
strings such as “First Amendment”, “1st Amend￾ment”, or “Amendment I”. A model trained on this
dataset would likely treat the presence/absence of
strings like these as strong classification signals,
which is undesirable if the goal is to identify links
between paragraphs that do not explicitly mention
the name of the linked paragraph.
To encourage the model to move beyond these
trivial patterns, we therefore create a modified
copy of our training set, which we term the
“stripped” dataset. In the “stripped” dataset, we
randomly select half of the training examples,
and delete all hyperlink or rule strings that occur
within the text of these training examples, leaving
potentially disfluent sentences. We delete hyper￾link and rule strings from only half of training ex￾amples because presence of a phrase such as “First
Amendment” is still a strong linking signal which
we would like to preserve.
In our evaluations, we assess model perfor￾mance on both the original and “stripped” datasets
separately. We emphasize that this “stripping”
process does not change the number of observa￾tions in either our training or evaluation sets. In￾stead, the “stripping” step simply removes rule
strings from certain training examples, which (we
suggest) compels our downstream tagging model
to move beyond simply re-learning the rules we
use to construct our training set.
41
3.1 Manual Annotations
To assess model performance, we hand-annotated
Constitutional references in all paragraphs (n =
1241) from an additional five Supreme Court
cases: Griswold v. Connecticut (381 U.S. 479),
Miranda v. Arizona (384 U.S. 436), US v. Nixon
(418 U.S. 683), Texas v. Johnson (491 U.S. 397),
and NFIB v. Sebelius (567 U.S. 519). We empha￾size that these cases were not selected randomly.
Since most Supreme Court cases infrequently ref￾erence the Constitution, we chose these cases be￾cause they litigate important constitutional law
questions, and are therefore likely to contain a
high density of positive examples with which to
assess model performance.
These five cases provide two other desirable
properties for an evaluation set. First, each of
these cases addresses a different legal issue (e.g.
criminal rights in Miranda; free speech in Texas v.
Johnson). As a result, each case is likely to contain
references to a distinct set of Constitutional provi￾sions. Second, these cases also vary substantially
in rhetorical style. For example, Justice Douglas’s
opinion in Griswold famously references and con￾nects the “penumbras” of various Constitutional
provisions in order to identify a right to privacy.
Since most of these references consist of passing
references to standard provision names (e.g. “First
Amendment”; “Due Process Clause”), we expect
the links in Griswold to be “easy” to predict. By
contrast, US v. Nixon and NFIB v. Sebelius tackle
abstract questions regarding the scope of Presiden￾tial and Congressional powers. As a result, they
are more likely to indirectly reference Constitu￾tional provisions, thus providing a more substan￾tial challenge, and more room to improve.
4 Methods
Our data are defined in terms of input documents
D, and reference documents C. The goal of the
task is to link an input document d ∈ D to zero
or more reference documents. Formally, we will
create a model of the form h(d) → y, where
y ∈ {0, 1}
|C|
and yi = 1 if d is to be linked to
document ci ∈ C. If y = {0}
|C|
, this means that d
links to no paragraph (true for most pieces of text,
including this paragraph).
We emphasize that our aim in this preliminary
work is not to discover the best architecture for
this task, but to provide strong baselines for future
work to build on.
The judge … Amendment
…
Excessive bail … inflicted
…
Feed-forward
Court document section Constitution section
doc2vec doc2vec
Figure 1: Diagram of the neural network architecture
for a single binary classifier in the multilabel space.
Token embeddings are from BERT, and we use a single
doc2vec for both paragraphs. This system is described
in Section 4.3, and corresponds to equations (1)-(3).
The  refers to element-wise multiplication.
4.1 Rule-based
An intuitive baseline is to use the rules defined for
the annotation process as the entire labeling strat￾egy. Instead of applying these rules to the training
data, we apply them to the test data directly. As
with any rule-based system, we would expect that
this achieves high precision and low recall.
4.2 Linear Model
Beyond the rule-based system, we also imple￾mented a linear multi-label classifier. Our imple￾mentation is a variant of the so-called Binary Rele￾vance framework (Boutell et al., 2004; Nam et al.,
2014), which builds a separate classifier for each
label. As such, the problem decomposes to build￾ing C separate classifiers: h(d) → {hi(d)}
|C|
i=1,
where hi(d) → {0, 1}.
We used logistic regression as the model, and
used unigrams, bigrams, and trigrams as fea￾tures. Since the training data is wildly imbalanced
towards unmatched paragraphs, we employ two
tricks in our training. First, as a preprocessing
step, we selected all examples with links, but sub￾sampled the unmatched examples such that there
was an equal number of matched and unmatched.
Second, we downweighted all negative examples
in training by a constant factor. This deals with
the fact that every positive example for one class
42
Model P R F1
Rule-based 91.8 47.0 62.2
Linear (original) 79.0 45.8 58.0
Linear (stripped) 68.3 54.3 60.5
Neural Network (original) 82.1 46.8 59.6
Neural Network (stripped) 76.5 56.2 64.8
Table 1: Results on the manually annotated test set.
The top row uses the rule based classifier. The bottom
two rows use the neural network model trained on the
original and stripped training sets respectively.
is a negative example for all other classes, and also
that the quality of annotation is unsure, as in (Liu
et al., 2003).
4.3 Neural Network Model
In addition to the two prior baselines, we model
this problem using a neural network classifier.
Inspired by work in dataless classification
(Chang et al., 2008), a key observation in this
model is that each element in the output vector y
represents a document, not just a label. Under this
observation, we can create a meaningful represen￾tation for each label which gives an additional sig￾nal for classification. As such, we use the index i
to retrieve ci
, and rewrite the decision function as
hi(d, ci) → {0, 1}. Ultimately, we define a single
model for all hi(·) as follows:
vd = d2v(T(d)), vd ∈ R
2k
(1)
vci = d2v(T(ci)), vci ∈ R
2k
(2)
hi(d, ci) = f(vd  vci
) (3)
Where T is a token embedding function, d2v
is a document embedding function (with hidden
states of size k), and f is a feed forward neu￾ral network layer that projects to two dimensions.
Loosely speaking, the function hi can be under￾stood as measuring the similarity between the vec￾tor representations of d and ci
. We used allennlp
to build our systems (Gardner et al., 2017). Our
architecture is depicted in Figure 1.
For the token embedding layer T, we used the
BERT base cased pretrained embeddings (Devlin
et al., 2018), as provided by huggingface.4 For the
document embedding layer d2v, we used a bidi￾rectional LSTM with hidden size 300, 2 layers,
4https://github.com/huggingface/
pytorch-pretrained-BERT/
and dropout 0.5. This embedder converts a se￾quence of embeddings into a fixed length by run￾ning the bidirectional LSTM over the sequence
and concatenating the resulting context vectors
from each direction. This document representa￾tion then has length equal to twice the hidden di￾mension of the LSTM, corresponding to the con￾catenation of the left and right context vectors.
We employed the same negative sampling and
negative reweighting techniques for this model as
described for the linear model.
4.4 Evaluation
During training, we tuned according to a split of
the original train data. Since this data is automati￾cally generated, it is not a good indicator of perfor￾mance. Instead, we report all of our results on the
manually annotated test set, described in Section
3.1. Since the decision from most of the classifiers
will be 0, we evaluate the outputs of our model us￾ing F1 measure, calculated without regard to any
individual class.
All of our code, data, and trained models are
available online.5
5 Results and Analysis
Table 1 shows our main results. As expected, the
rules-based approach gives high precision but low
recall on the manually annotated set.
Interestingly, the linear and neural models
trained on the original (unstripped) data achieve
similar recall as the rule-based method, but suffer
in precision. One explanation is that the imbal￾anced distribution of labels in the training set leads
to overfitting of frequently-attested labels (hence
the similar recall), and poor performance on all
others (hence the drop in precision). The exam￾ples in Table 2 reinforce this idea.
Finally, the “stripped” results for each model
show lower precision but higher recall relative to
the original setting. We consider this an encourag￾ing first step, which shows that the rule-stripping
approach is important to prevent the model from
simply re-learning deterministic training set rules.
This pattern is particularly noticeable for the neu￾ral network model, which achieves the highest re￾call and highest overall performance of all ap￾proaches when trained on the “stripped” data.
In Table 2, we show some examples of pre￾5https://github.com/mayhewsw/
legal-linking
43
Input sentence Rule Pred. NN Pred.
The defendant argued that their right to free speech
had been chilled.
First Amendment First Amendment
This was a Second Amendment case. Second Amendment Second Amendment
This was a Ninth Amendment case. Ninth Amendment Sixth Amendment,
Eighth Amendment
The court argued that the punishment was not only
cruel, but also unusual.
Unmatched Eighth Amendment
The decision in Escobedo v. Illinois, 378 U.S. 478,
stressed the need for protective devices to make the
process of police interrogation conform to the dic￾tates of the privilege.
Unmatched Fifth Amendment
Table 2: A comparison of predictions from the rule-based system and the neural network model (stripped). The
linear model is omitted to save space. Bold text represents text matching a rule. The three table sections correspond
to examples on which 1) both models are correct 2) only rule-based is correct, and 3) only the neural network is
correct. The last example is taken from the manually annotated test examples, with some formatting removed.
dictions from the rule-based system and the neu￾ral network model (the linear model is omitted to
save space). The table has three sections, cor￾responding to examples on which 1) both mod￾els are correct, 2) only rule-based is correct, and
3) only the neural network is correct. The ex￾ample from the second section (“Ninth Amend￾ment case”) is interesting in how it contrasts with
the nearly identical sentence above it (“Second
Amendment case”). Naturally, the rule-based sys￾tem correctly tags both, but the neural network
is only correct on the “Second Amendment” sen￾tence. This is likely because of imbalances in the
training data, such that sentences with the phrase
“Second Amendment” are common, but sentences
with the phrase “Ninth Amendment” are much less
common. In fact, in the training split we used, the
phrase “Ninth Amendment” appeared less than 10
times out of nearly 40K examples.
The bottom section shows the power of the
neural network model. Words such as “cruel”,
“punishment”, and “unusual” are distinctive of the
Eighth Amendment, even though they are in a dif￾ferent order. Similarly, “the privilege” is a com￾mon shorthand for the Fifth Amendment’s protec￾tions against self-incrimination (“No person [...]
shall be compelled in any criminal case to be a
witness against himself” → “the privilege against
self-incrimination” → “the privilege”). Such ex￾amples are of particular interest to legal practi￾tioners, but are difficult to capture in a rules-based
framework.
6 Conclusions
We have introduced a new task for linking portions
of text from Supreme Court cases to the US Con￾stitution, some data supporting this task (although
with incomplete annotations), and some baseline
models, including a rule-based system, a linear
model, and a neural network system. Although
the neural network system outperforms both the
rule-based and linear systems, there is still further
exploration to be done both in the direction of au￾tomatic or distant labeling, and in problem mod￾elling. We look forward to other researchers using
this dataset for future work.
From a practical perspective, we anticipate that
this dataset could be used to give valuable insights
on research questions of interest to the world of
political science. For example, these data could
be used to study which amendments tend to see
higher litigation rates according to the period in
the Supreme Court, or rhetorical co-citation of
Constitution sections.
Acknowledgments
This work was supported in part by a gift from
Google and by contract HR0011-15-2-0025 with
the US Defense Advanced Research Projects
Agency (DARPA). The views expressed are those
of the authors and do not reflect the official policy
or position of the Department of Defense or the
U.S. Government.
44
References
Matthew R Boutell, Jiebo Luo, Xipeng Shen, and
Christopher M Brown. 2004. Learning multi￾label scene classification. Pattern recognition,
37(9):1757–1771.
L Karl Branting. 2017. Data-centric and logic-based
models for automated legal problem solving. Artifi￾cial Intelligence and Law, 25(1):5–27.
Pompeu Casanovas, Monica Palmirani, Silvio Peroni,
Tom van Engers, and Fabio Vitali. 2016. Semantic
web for the legal domain: the next step. Semantic
Web, 7(3):213–227.
Ming-Wei Chang, Lev Ratinov, Dan Roth, and Vivek
Srikumar. 2008. Importance of semantic representa￾tion: Dataless classification. In AAAI.
Jacob Devlin, Ming-Wei Chang, Kenton Lee, and
Kristina Toutanova. 2018. Bert: Pre-training of deep
bidirectional transformers for language understand￾ing. arXiv preprint arXiv:1810.04805.
Daniel Duma and Ewan Klein. 2014. Citation reso￾lution: A method for evaluating context-based cita￾tion recommendation systems. In Proceedings of the
52nd Annual Meeting of the Association for Compu￾tational Linguistics (Volume 2: Short Papers), vol￾ume 2, pages 358–363.
Zachary Elkins, Tom Ginsburg, James Melton, Robert
Shaffer, Juan F Sequeda, and Daniel P Miranker.
2014. Constitute: The worlds constitutions to read,
search, and compare. Journal of Web Semantics,
27:10–18.
Matt Gardner, Joel Grus, Mark Neumann, Oyvind
Tafjord, Pradeep Dasigi, Nelson F. Liu, Matthew
Peters, Michael Schmitz, and Luke S. Zettlemoyer.
2017. Allennlp: A deep semantic natural language
processing platform.
Bing Liu, Yang Dai, Xiaoli Li, Wee Sun Lee, and
Philip S Yu. 2003. Building text classifiers using
positive and unlabeled examples. In Data Mining,
2003. ICDM 2003. Third IEEE International Con￾ference on, pages 179–186. IEEE.
Robert G McCloskey and Sanford Levinson. 2016. The
American supreme court. University of Chicago
Press.
Mike Mintz, Steven Bills, Rion Snow, and Dan Juraf￾sky. 2009. Distant supervision for relation extrac￾tion without labeled data. In Proceedings of the
Joint Conference of the 47th Annual Meeting of the
ACL and the 4th International Joint Conference on
Natural Language Processing of the AFNLP: Vol￾ume 2-Volume 2, pages 1003–1011. Association for
Computational Linguistics.
Jinseok Nam, Jungi Kim, Eneldo Loza Menc´ıa, Iryna
Gurevych, and Johannes Furnkranz. 2014. Large- ¨
scale multi-label text classificationrevisiting neural
networks. In Joint european conference on machine
learning and knowledge discovery in databases,
pages 437–452. Springer.
Tadashi Nomoto. 2018. Resolving citation links with
neural networks. Frontiers in Research Metrics and
Analytics, 3:31.
Lev Ratinov, Dan Roth, Doug Downey, and Mike
Anderson. 2011. Local and global algorithms
for disambiguation to wikipedia. In Proceedings
of the 49th Annual Meeting of the Association
for Computational Linguistics: Human Language
Technologies-Volume 1, pages 1375–1384. Associ￾ation for Computational Linguistics.
T Schwartz, M Berger, and J Hernandez. 2015. A legal
citation recommendation engine using topic model￾ing and semantic similarity. In Law and big data
workshop, 15th international conference on artifi￾cial intelligence and law.
Wei Shen, Jianyong Wang, and Jiawei Han. 2015. En￾tity linking with a knowledge base: Issues, tech￾niques, and solutions. IEEE Transactions on Knowl￾edge and Data Engineering, 27(2):443–460.",https://aclanthology.org/W19-2205.pdf
LegalDiscourse: Interpreting When Laws Apply and Who They Affect,"While legal AI has made strides in recent years, it still struggles with basic legal concepts: when does a law apply? Who does it applies to? What does it do? We take a discourse approach to addressing these problems and introduce a novel taxonomy for span-and-relation parsing of legal texts. We create a dataset, LegalDiscourse of 602 state-level law paragraphs consisting of 3, 715 discourse spans and 1, 671 relations. Our trained annotators have an agreement-rate κ > .8, yet few-shot GPT3.5 performs poorly at span identification and relation classification. Although fine-tuning improves performance, GPT3.5 still lags far below human level. We demonstrate the usefulness of our schema by creating a web application with journalists. We collect over 100, 000 laws for 52 U.S. states and territories using 20 scrapers we built, and apply our trained models to 6, 000 laws using U.S. Census population numbers. We describe two journalistic outputs stemming from this application: (1) an investigation into the increase in liquor licenses following population growth and (2) a decrease in applicable laws under different under-count projections.","Proceedings of the 2024 Conference of the North American Chapter of the Association for Computational Linguistics:
Human Language Technologies (Volume 1: Long Papers), pages 8536–8559
June 16-21, 2024 ©2024 Association for Computational Linguistics
LegalDiscourse: Interpreting When Laws Apply and Who They Affect
Alexander Spanghera∗
, Te-Lin Wub
, Zihan Xueb
, Mark Hansenc
, Jonathan Mayb
a
Information Sciences Institute, University of Southern California
b University of California, Los Angeles
c Columbia University
Abstract
While legal AI has made strides in recent years,
it still struggles with basic legal concepts: when
does a law apply? Who does it applies to? What
does it do? We take a discourse approach to ad￾dressing these problems and introduce a novel
taxonomy for span-and-relation parsing of le￾gal texts. We create a dataset, LegalDiscourse
of 602 state-level law paragraphs consisting
of 3, 715 discourse spans and 1, 671 relations.
Our trained annotators have an agreement-rate
κ > .8, yet few-shot GPT3.5 performs poorly
at span identification and relation classification.
Although fine-tuning improves performance,
GPT3.5 still lags far below human level. We
demonstrate the usefulness of our schema by
creating a web application with journalists. We
collect over 100, 000 laws for 52 U.S. states
and territories using 20 scrapers we built, and
apply our trained models to 6, 000 laws using
U.S. Census population numbers. We describe
two journalistic outputs stemming from this ap￾plication: (1) an investigation into the increase
in liquor licenses following population growth
and (2) a decrease in applicable laws under dif￾ferent under-count projections.
1 Introduction
AI practitioners have long explored how to use automa￾tion to interpret the law1
(Mehl, 1958). Recent ad￾vances in NLP and information retrieval have already
enabled practical applications (Dale, 2019), such as le￾gal question answering bots 2
, contract generation3
, and
automatic motion-filing (Gibbs, 2016). And, the legal
reasoning capabilities of large language models (LLMs)
are promising (Guha et al., 2023) – GPT4 has been
demonstrated to Katz et al. (2023) pass the bar exam.
∗Corresponding Author: spangher@usc.edu
1
Specifically: legal codes, court opinions and regulations.
2https://www.chatbotsecommerce.com/nr
f-launches-parker-first-australian-priva
cy-law-chatbot/
3As well as other documents: documents – i.e. laws, court
opinions and regulations https://legal.thomsonr
euters.com.au/products/contract-express/,
https://turbotax.intuit.com/
...in counties having a metropolitan form of govern￾ment and in counties having a population of not less
than three hundred thirty-five thousand (335,000)
nor more than three hundred thirty-six thousand
(336,000), according to the 1990 federal census or
any subsequent federal census, the magistrate or
magistrates shall be selected and appointed by and
serve at the pleasure of the trial court judge...
Figure 1: Paragraph from a sample law, Tennessee § 36-
5-402. The colored blocks represent the following legal
discourse elements from our schema: PROBE, TEST,
SUBJECT, CONSEQUENCE, OBJECT (see Section
2). We train LLMs to identify these spans and build
a web application to aggregate these span tags across
state-level laws.
However, fundamental challenges remain. As noted
by Dehio et al. (2022), GPT3 models fail when con￾fronted with simple, yet ambiguous conditions (or
“tests”) present in legal rules (Bommasani et al., 2021),
a challenge documented in other models as well (Zhong
et al., 2020; Holzenberger et al., 2020). Additionally, the
majority of legal study has been focused a few specific
domains, like contracts (Koreeda and Manning, 2021;
Hendrycks et al., 2021), privacy policy (Wilson et al.,
2016; Zimmeck et al., 2019), and corporate law (Wang
et al., 2023), and the kinds of tasks heretofore studied
have been highly domain specific4
. Benchmarks like
Guha et al. (2023) are dominated by these use-cases, lim￾iting our ability to get a general assessment of a model’s
abilities. It also limits our confidence about models’
reasoning in understudied legal domains which are im￾portant to policy makers, journalists and academics, like
state-level administrative law ().
We see the need to introduce a unified mode of study
that can quickly incorporate new areas and applications
of law. In this work, we develop a uniform discourse
schema for characterising a legal text. Discourse analy￾ses, or the study of functional role of text and its rela￾tions within in a document (Carlson et al., 2003; Prasad
et al., 2008), has been successfully applied to areas
4An example of a domain-specific task: “Classify if the
clause limits the ability of a party to transfer the license being
granted to a third party” from Hendrycks et al. (2021).
8536
Figure 2: A sample span-and-relation discourse tree generated from a paragraph of legal text. Above, the highlighted
text shows the original law text with discourse-spans annotated. Below, relations are drawn between discourse
blocks, shown with double-black curved lines and categorically annotated. Note that the SUBJECT responsible for
carrying out the CONSEQUENCE is passively implied.
like argumentation (Eckle-Kohler et al., 2015), dialogue
(Chen and Yang, 2021) and journalism (Spangher et al.,
2022, 2021). In journalism, for instance, Choubey et al.
(2020) use a unified discourse schema to describe tex￾tual relations between diffuse domains of journalism.
In this work, we develop a legal discourse schema to
address this need, which we apply to state-level legal
texts. At the core, our schema seeks to answer the
following key questions: (1) When does a law apply?
(2) What are its consequences? (3) Who is affected? We
show that LLMs struggle to model this schema, yet it is
useful for human practitioners.
In sum, this paper makes three key contributions:
1. Introducing, Annotating and Modeling a Legal
Discourse Schema: We develop a legal discourse
schema, consisting of 8 span level and 21 rela￾tional classes, some of which are shown in Figure
1 and 2. We annotate 602 state-level laws, with
3,715 spans and 1,671 relations. We show that our
schema can be labeled with high inter-annotator
agreement. Additionally, we show GPT3.5 models
(few shot and fine-tuned) struggle to achieve higher
than baseline models.
2. Web Scraping Public Domain U.S. State Law:
We scrape over 100,000 law documents from 52
U.S. states and territories with 20 web-scrapers
we build. U.S. law is always public domain yet, in
practice, many states contract websites to host their
laws and these websites use techniques to prevent
bulk gathering legal text. We design our scrapers
to be robust and to overcome these uncivil attempts
to block consumption of public domain texts.
3. Searching and consuming model output: We
show the practical impact of our work by present￾ing a web-app we built to help users navigate our
dataset. We present two outputs produced by jour￾nalists using our interface to study 6,000 laws in￾volving 2020 U.S. Census counts.
We outline our discourse schema and modeling in
Section 2. Next, we discuss our dataset collection pro￾cess, including the web-scrapers we release for gather￾ing public-domain U.S. state law text (Section 3.1). In
Section 3.2 we describe our lightweight and modular
span and relation annotation interface which we used to
collect data. Next, in Section 6, we describe our web￾app, where we surface our model’s output to journalists
and engage volunteers to improve our annotations. Fi￾nally, we discuss an ongoing use-case to illustrate how
one might use our app in Section 6.1.1.
2 A Legal Discourse Schema
A legal rule is a hypothetical imperative (Engisch et al.,
2018), or a conditional consequence. Reasoning about
these rules requires practitioners to understand how and
whether conditions of the law are met; what the conse￾quences are (Dehio et al., 2022); and who is affected by
these consequences.
As shown in Figure 2, modeling the different com￾ponents of a legal doctrine as discourse units and how
they interact as relations can be an effective way of dis￾cern meaning (Carlson et al., 2003; Prasad et al., 2008).
Identifying these parts poses a basic test of a model’s
legal reasoning and can also lead to practical use-cases
(as Spangher et al. (2022) showed in the journalism
domain). We introduce the key parts in our schema,
starting with span annotations and then relations.
2.1 Span-Level Schema
The 8 discourse elements we identify in our schema
are SUBJECT, OBJECT, PROBE, CONSEQUENCE,
TEST, EXCEPTION, DEFINITION and CLASS. The
first three elements are nearly always be entities (noun
phrases), and the rest are predicates (verb phrases) or
prepositional phrases.
The first three elements of our schema, SUBJECT,
CONSEQUENCE, and OBJECT, capture how law dic￾tates first-degree interactions between entities, inspired
8537
by seminal work done by Gardner (1984). We describe
each in turn.
• A SUBJECT is an entity that gains powers
or restrictions under a law. (e.g. ""The
trial court judge shall adjudicate property dis￾putes between claimants."") Subjects aren’t always
explicit, and can be expressed passively (see Table
1 for examples of edge-cases).
• The CONSEQUENCE is the specific power or
restriction conferred by the law. Consequences
nearly always are attributed to the subject, either
passively or explicitly. (e.g. ""The trial court
judge shall adjudicate property disputes between
claimants."")
• An OBJECT is an entity (noun phrase) affected
by the subject, under a law. Typically, when the
subject gains powers, the object usually faces more
restrictions; if the subject faces restrictions, the
object usually faces fewer restrictions. (e.g. “The
trial court judge shall adjudicate property disputes
between claimants.”) Like subjects, objects are not
always present in the text, or might be expressed
passively.
Often, the SUBJECT-CONSEQUENCE-OBJECT in￾volves a longer chain than a 1-hop relationship (for an
example, see Table 1).In these cases, a entity is both an
OBJECT and a SUBJECT. We label this entity as an
OBJECT to prioritize the first CONSEQUENCE.
The next three elements in our schema, TEST,
PROBE and EXCEPTION, indicate when laws apply.
• A TEST is an explicit condition applied to an en￾tity (i.e. an OBJECT, SUBJECT or PROBE) that
determines when a SUBJECT-CONSEQUENCE￾OBJECT relation holds. (e.g. “In counties
with a population above 10,000, the trial court
judge shall adjudicate... unless claimants settle.”
• A PROBE is an entity to which a TEST is applied
to that is not a SUBJECT or an OBJECT. If the
TEST is applied to a SUBJECT or an OBJECT,
there may not be a need for a PROBE. “In counties
with a population above 10,000, the trial court
judge shall adjudicate... unless claimants settle.”
• An EXCEPTION is a corollary to a TEST; it spec￾ifies when a law does NOT apply. An exception
usually modifies a TEST “In counties with a pop￾ulation above 10,000, the trial court judge shall
adjudicate... unless claimants settle.”.
Finally, the remaining two classes in our schema, DEFI￾NITION and CLASS, serve to more fully characterize
the entities mentioned in legal text. These terms have al￾ready been well-described in the literature (Tobia, 2020;
Dehio et al., 2022) and incorporated into tasks (Guha
et al., 2023). We give definitions in Appendix B. For ex￾amples of all span-level discourse types, see Appendix
A, Table 8.
2.2 Relational Schema
We define 21 relational categories during our annotation
process. There are two categories of relations. (1) The
first category occurs between discourse units of different
types. The type of these relations is usually singular
based on the type of the discourse units (e.g. a TEST￾PROBE relation means that the TEST is being applied
to the PROBE entity), so we do not enumerate them
here (we give full definitions in Appendix B). (2) The
second category applies between discourse units of the
same type. These are typically simple grammatical and
logical relations. For instance, sameEntity indicates
that two entities are instances of the same class of entity
or the same instance of an entity. Or, And refers to how
two predicate interact (e.g. if test1 OR test2 is passed...).
2.3 Parsing Level
Our framework can be conceptualized recursively, with
spans being further parsed, tree-like (Manning et al.,
2014). For example, a SUBJECT “trial court judge”
can be also interpreted as “trial court judge”. We define
the parse-level in relation to the interpretation of the law.
For instance, if “trial court judges” are being compared
with other judges, e.g. “county judges”, we need the
“trial court judge” and “county judge” parses, which
create conditions for comparison. (See Section 10.1).
3 Dataset Creation
In this section, we describe how we operationalized the
schema discussed in Section 2. We scrape a dataset of
all state-level laws from 52 U.S. states and territories,
which we discuss in Section 3.1. We then sample a
set of paragraphs to annotate. We build an annotation
framework, described in Section 3.2, and enlist four an￾notators, who collectively annotate 602 law paragraphs.
3.1 Dataset Construction
Our full legal dataset comprises the more than 100,000
active state-level laws in the United States. We compile
this dataset by building a scraper for a public-domain
law website called Justia.5 We then manually audit the
output collected by Justia by comparing to state websites
and find 19 states where either Justia is incomplete, not
updated, or unparsable.6 We build individual state-level
parsers for these states.
State law is public domain,7 yet it is often inaccessi￾ble for bulk downloads and web scraping. For instance,
many websites license LexisNexis, a for-profit company,
5https://www.justia.com/
6
Some of the laws provided by Justia, such as those for Col￾orado, contain data in PDF files (see https://law.just
ia.com/codes/colorado/2019/), which, due to for￾matting, have a high OCR error rate, so in these cases we we
extract directly in these cases.
7https://fairuse.stanford.edu/overvie
w/public-domain/welcome/
8538
Edge Case Type Example
Passive SUBJECT and OBJECT: Taxes shall be collected at the beginning of
every month.
SUBJECT-CONSEQUENCE relation without an OBJECT: The trial court judge shall begin session at or
before 9am.
SUBJECT-CONSEQUENCE-OBJECT relation > 1-hop The magistrate shall designate to the county
clerk, who shall adjudicate among taxpayers
Table 1: Edge Cases and Extensions: Our discourse schema flexibly handles different variations of legal expressions.
Shown here are variations of the SUBJECT-OBJECT-CONSEQEUNCE relation. In the top variation, the SUBJECT
and OBJECT (i.e. “Tax-collector” and “Tax-payer”) are not actively expressed. In the middle relation, no OBJECT
is entailed. In the bottom relation, a multi-hop relational chain is formed.
% annots % of docs # / doc
TEST 28% 91% 2.4
SUBJECT 20% 95% 1.7
CONS. 19% 83% 1.8
OBJECT 15% 69% 1.7
PROBE 9% 46% 1.5
CLASS 6% 34% 1.5
DEF. 2% 11% 1.6
EXC. 1% 6% 1.1
Table 2: The prevalence of different discourse units
across our annotated dataset. The left column shows the
percentage of units across all annotations. Center shows
the percentage of documents in our corpus that have
at least one discourse unit. Right shows the average
number of units per document, when present.
as the official provider for their state codes8
. Although
these websites are publicly accessible, they employ
a range of mechanisms (e.g. timeouts, dynamically￾generated URLs, cookie-based access) that make them
difficult to scrape.9 To circumvent these, our scrap￾ers are robust and mimic human web-browsing be￾havior. We develop a generalized scraper for Lexis￾Nexis Public Access websites using scrapy10 and
selenium-webdriver11. In order to scrape Jus￾tia, we launch three Google Compute Engine (GCE)
instances for a total of 60 compute hours12
.
8Ex. Colorado, Georgia and Tennessee: http://www.
lexisnexis.com/hottopics/colorado, http://
www.lexisnexis.com/hottopics/gacode, http:
//www.lexisnexis.com/hottopics/tncode
9The practical effect of mechanisms to block bulk down￾loads is the hindrance of law corpora collection for journalistic
or academic study.
10https://scrapy.org/
11https://www.selenium.dev/.
12We will release our code for scraping with Docker im￾ages created to perform these scrapes. Given the difficulty in
creating this dataset, we believe these routines constitute a
considerable resource for academic inquiries into state-level
law.
3.2 Annotation
We recruited 4 annotators, including one former jour￾nalist and 2 undergraduate researchers13. We trained all
of the annotators for multiple rounds, until they were
achieving above an 80% accuracy in both span and rela￾tion identification tasks, based on a gold-label set that
we constructed. After reaching this agreement level,
we begin accepting completed tasks from annotators.
We had multiple rounds of conferencing throughout the
period of annotation where we discussed edge-cases,
and maintained a Slack channel throughout the annota￾tion process that was continually monitored. Together,
the annotators annotated 602 laws, with a 10% overlap,
from which we calculated a κ = .8
We found that our annotators could learn to identify
different span and relation levels in most contexts quite
easily. However, most of the error and ambiguity of
the annotation process derived from when to split spans
into sub-spans (e.g. the TEST in: “clerks of the supe￾rior court of the county can be split further: “clerks
of the superior court of the county). The decision to
do so usually depends on many factors, e.g. if entities
will be coreferenced elsewhere. Despite many rounds
of training, annotators still sometimes struggled; our
advice in these circumstances was to parse to the lowest￾level. See discussion in Section 2.3 and 10.1.
We built a Javascript-based framework to handle span
and relation tagging and (1) serve as a standalone web￾app for annotators (2) compile to Amazon Mechanical
Turk (AMT) tasks14 (3) integrate into a web-site built
for journalists using our work (described in Section 6).
Although many NLP-focused annotation tools exist15
we found that none were flexible enough to be integrated
easily into larger websites or automatically generate
13We compensated the undergraduate researchers fairly at
a rate of $20 per hour through AMT, according to University
policy
14https://docs.aws.amazon.com/AWSMechT
urk/latest/AWSMturkAPI/ApiReference_HTML
QuestionArticle.html.
15There were 87 frameworks as of Neves and Ševa (2021)’s
count, including BRAT (Stenetorp et al., 2012), YEDDA
(Yang et al., 2017) and WebAnnon (Yimam et al., 2013)
8539
Relation Percentage
ENTITY ↔ PREDICATE 61%
ENTITY ↔ ENTITY 20%
PREDICATE ↔ PREDICATE 19%
Table 3: Types of relations common in our corpus. EN￾TITY includes: SUBJECT, OBJECT and PROBE dis￾course units. PREDICATE includes all others.
Figure 3: The conditional likelihood of a target dis￾course class, given a source discourse class. In other
words, the color scale is p(t|s) where s is the source
node and t is the target node.
AMT tasks.16 We plan to distribute our interface as a
stand-alone Javascript package. For more details about
the annotation interface, see Appendix C.
3.3 Dataset Statistics
Corpus Description The length of the legal para￾graphs we annotate averages 490 characters. The types
of content that we focused on in our sample included
topics on Government, education and environment. Cer￾tain states in our sample emphasized different topics.
For example, California has a higher proportion of laws
aimed at Poverty and Development compared with Ten￾nessee, which has a higher proportion of laws focused
on Administration (see Appendix A for more informa￾tion and visualizations).
Discourse-level Analysis Discourse unit-level statis￾tics vary widely. As can be seen in Table 2, TEST
and SUBJECT are the most common discourse unit,
accounting for 48% of all span-level annotations. TEST
occurs in 91% documents. Surprisingly, EXCEPTION
units were relatively rare, accounting for only 1% of
annotations and occurring in only 6% of documents.
There are many more TEST units per document, at 2.4
TEST units, than other elements.
Relation-level Analysis Next, we analyze the nature
of the relations between discourse units. Two discourse
spans are much more likely to directly relate if they are
16We will release the annotation code as part of this frame￾work
closer together in the law text. 62 characters, on average,
separate discourse units with relations, while 195 char￾acters, on average, separate all pairs of discourse units
without relations. In Section 4.3, we describe how we
balance our training datasets to remove this adjacency
bias.
Figure 3 shows the likelihood of transitioning to a
target discourse type, given a source discourse type. We
order the x and y axes by the most likely starting points
of discourse elements in a document (Note, in Figure
8, that discourse elements that are appear first in the
document to be connected with discourse elements later.
See Table 6 in Appendix A for more information). We
see a strong diagonal bias: all discourse elements are
likely to transition to elements of the same type. We also
notice the strong SUBJECT → CONSEQUENCE and
CONSEQUENCE → OBJECT relation, as well as the
PROBE → TEST relation. This reinforces insights by
(Gardner, 1984), (Engisch et al., 2018) and (Dehio et al.,
2022) about the key role of hypothetical imperative
language in legal texts (discussed in Section 2).
On the other hand, we find that several categories
of relation are simply unlikely to ever occur. For in￾stance, EXCEPTION is almost never applied to CON￾SEQUENCE. We hope in future work to investigate
if these patterns hold up across a wider body of legal
text. See Appendix A for more details. We test the
implication of this in Secion 4.3.
4 Legal Entity and Relational Modeling
We frame a new task using the data we collect: Legal En￾tity and Relational Modeling, or extracting legally signif￾icant spans and their relations. This task is analogous
to end-to-end relation extraction (ERE) (Kameyama,
1997). We will first describe two subtasks that tradi￾tionally compose ERE, and how legal discourse can be
modeled in this framework, then we will discuss meth￾ods, with a particular focus on how we can use this
setup to interrogate the reasoning capabilities of large
language models.
4.1 Tasks and Datasets
Span-Level Tagging Given a document X of n to￾kens x1, ..., xn, let S = {s1, s2...sm} be all possible
spans in X. Let ζ be a set of predefined span-types, in
our case we use a subset of our discourse tags: SUB￾JECT, CONSEQUENCE, OBJECT, TEST, PROBE
and EXCEPTION. We focus on these types because
they have more within-text consequence compared with
DEFINITION and CLASS, which are primarily about
adding context and helping to reason across texts (Buey
et al., 2016). Our goal, then, is to predict an entity type
ye(si) ∈ {ζ, ϵ}, where ϵ is the null class. In legal rea￾soning, this subtask can help test a model’s awareness
of the function of each span of text.
We filter our task dataset so that each document has
at minimum two of the primary 6 spans, and we ad￾ditionally remove spans that are at most one word, as
8540
SUBJECT CONS OBJECT PROBE TEST EXC Macro Micro
Baselines
ASP (Liu et al., 2022) 35.7 39.4 26.3 38.9 44.6 33.3 37.7 36.6
PURE (Zhong et al., 2020) 41.5 45.2 25.0 56.1 17.3 36.4 34.3 36.5
GPT3.5
0-shot 34.4 9.7 14.8 13.4 35.4 54.7 27.1 22.7
3-shot 31.7 23.3 20.4 28.2 43.9 46.2 32.3 30.1
5-shot 30.7 24.1 15.9 30.8 49.8 45.2 32.8 30.8
8-shot 29.7 23.4 15.8 33.5 48.4 53.8 34.1 31.0
GPT fine-tuned 42.1 49.9 35.9 34.9 53.0 56.0 45.3 44.3
Table 4: F1 scores shown for span-identification for our 6 primary discourse elements: SUBJECT, CONSEQUENCE,
OBJECT, PROBE, TEST and EXCEPTION. Average Precision, Recall and F1 across all samples are shown.
Although fine-tuning improves performance across most categories, leading to +10-point increases in macro and
micro f1-scores, although some, like EXCEPTION, are able to be handled relatively well even in zero-shot settings.
F1 scores are still below human levels of agreement.
these were the most ambiguous for our annotators to
agree on. The ambiguity, we observed, was primarily
due to annotator disagreement around how far each span
should be parsed, discussed in Section 2.3, 2, and 10.1.
This filtering leaves us with 3,559 spans across 413
documents. We measure classification accuracy using
F1 per class, and we consider a span to be valid if it
contains 80% of more of the same words as the gold￾annotated span, after removing stop words and punctua￾tion, and is no longer than twice in length.
Relation Extraction Let R be a set of pre-defined
relation types. For every pair of spans si
, sj ∈ S × S,
we seek to predict a relation-type, yr(si
, sj ) ∈ {R, ϵ},
where ϵ is the null class. We consider two versions
of this task: detection and classification. Detection
involves simply predicting yr(si
, sj ) ∈ {I, ϵ}, where
I indicates there exists any relation, I[r ∈ R], and
classification involves assigning a relation label, r. This
task can help test a legal model’s ability to identify
which spans are modified by a given span.
To construct a challenging legal relation classifica￾tion dataset, we take a subset of relations Rˆ ∈ R that
are observed occurring between span pairs of different
span-types. In other words, we take relations r ∈ Rˆ
where |{ye(si), ye(sj )}| > 1 ∀i,j s.t. yr(si
, sj ) = r.
This allows us to focus less on modeling the semantics
of each span’s type and more on the relation between
them. We additionally sample negative examples, i.e.
ye(si
, sj ) = ϵ. Finally, we notice that discourse units
that are more proximal in the text are more likely to be
related, as noted in Section 3.3. We find in early trials
that our models were overfitting to proximity in text
and not generalizing well to cases where relations are
more distant. So, to make the task more challenging,
we sample negative examples that the same distribu￾tion of offsets our labeled examples. We are left with
1,482 datapoints. We measure model accuracy using F1,
focusing on three main groupings: relations between
entities and entities (ENT↔ENT), relations between
entities and predicates (ENT ↔ PRED) and relations
between predicates and predicates (PRED ↔ PRED).
4.2 Baselines
Relation extraction is a widely studied field, with classi￾cal and current work focusing on modeling each subtask
separately (Sang and De Meulder, 2003; Zelenko et al.,
2003), as well as end-to-end modeling (Li and Ji, 2014).
As such, we build upon two recent methods focused on
each approach:
• PURE (Zhong and Chen, 2020): separately models
two different embedding spaces, one focused on
span identification and the other focused on rela￾tion extraction, using masked language modeling
(Devlin et al., 2018).
• ASP (Liu et al., 2022): trains a generative T5 model
(Raffel et al., 2020) to create structured predictions.
4.3 Generative Modeling
Recent work has shown that large language models
can also be effective relation predictors (Wan et al.,
2023). To test this hypothesis, and to add to a
growing body of work focused on benchmarking LLMs
for legal tasks (Guha et al., 2023), we format our
tasks as generation problems and fine-tune GPT3.5
models17. For span-prediction, we seek to generate
spans specific to discourse tags, in other words:
we generate s ∼ llm(ye(s), X). For example, for
ye(s) = SUBJECT, we prompt with the question:
You are a legal assistant. I will
show you a paragraph of law. Which
entities gain powers, restrictions
or responsibilities under this law?
<Legal Text>). Additionally, as each law may
17Specifically, we use GPT3.5-turbo as of October 11,
2023.
8541
contain several discourse elements of the same type,
we ask the LLM to generate all elements of a certain
discourse type in mentioned in the given law. For
prompts for all relation-types, filled in with examples,
See Appendix F .
For relation detection we generate a “Yes”/“No”
indicator, I ∼ llm(s1, s2, X) for if a relation is
present between two spans. In other words, we
construct a prompt where the LLM is given the legal
text and two discourse elements, and ask if they
are related. Our prompt is: “Are span A and
B related in Law X?”. For classification
we generate the relation-type, r ∼ llm(s1, s2, X).
In other words, our prompt is: “What is the
relation between span A and B in Law
X? Answer from the following set:
{..., ‘no relation’}.”). We include ϵ ∈ R
so that our experiments with GPT are comparable to
the baseline models. We test two different prompt
settings. In the first setting, we simply give the two
spans of text and the law, and ask the LLM to determine
if they are related. In the second setting, we give the
LLM the class labels of the discourse units, as well as
definitions for what each label means (w. def, in Table
5). See Appendix F for all relational prompts, with
examples. We test both tasks in zero-shot, few-shot,
and fine-tuned settings18 and for each test sample, we
repeatedly query the LLM for 3 trials, randomizing the
few-shot examples it receives.
5 Results and Discussion
Span-Level Tagging : Table 4 shows F1 scores
from our span-tagging experiments. Interestingly, span￾tagging appears to be a harder task for GPT: even after
fine-tuning, GPT scores below human-level (our anno￾tators, after conferencing and training). GPT was espe￾cially challenged by distinguishing between different
entities’ roles: SUBJECT, OBJECT and PROBE (GPT
Fine-tuned scores 35-42 F1 on entities, compared with
50-59 F1 for predicates. EXCEPTION stands out as
a particular category where even 0-shot GPT performs
well.) SUBJECT and OBJECT roles can be particu￾larly ambiguous, as mentioned in Section 2, as there are
cases when an entity can be in both a SUBJECT and
OBJECT role (we annotated OBJECT, in those cases).
Interestingly, too, the gap between GPT and the baseline
models is not as large in this task than it is in relational
modeling. Perhaps our generative setup for this step,
p(s|ζ, X), with 6 different prompts, allowed GPT to
generate the same entity for different categories. We
might see improvements by disambiguating with an￾other model, p(ζ|s, X), when a single span is generated
18For fine-tuning experiments, we use GPT3.5’s finetun￾ing endpoint, which prompts OpenAI to fine-tunes GPT3.5
under the hood. This requires us to upload a file of
{“prompt”:<>, “completion”} pairs. We generate
this file using the prompting structure described above, with
the same train/test split used in the baseline trials.
in multiple categories.
Our broader finding, though, is that this remains a
challenging task. Although our task dataset, at 400
documents, is small relative to other language resources,
the spans in our schema are syntactically low-level. The
spans divide relatively well into different parts of speech,
like noun phrases and verb phrases; identifying such
chunks in text has long been within the capability of
even classical language models (Sang and Buchholz,
2000). Future work either fine-tuning on other resources,
or using law-specific models, might show improvements
in these areas.
Relation Identification and Classification Table 5
show F1 scores from relation detection (Detect) and
classification (Class). Relation extraction is a category
where fine-tuned GPT performs just as well as our anno￾tators. We notice, too that in some cases GPT does even
better on the classification task than it does on the iden￾tification task (e.g. ENT↔PRED and ENT↔ENT). It’s
possible that the semantics of classification task enforce
greater reasoning and justification than the identification
task, like in Wei et al. (2022).
The relation identification task also shows a clear dif￾ferent between the baseline models, which we do not
observe in the span-level tagging task. One explana￾tion for the especially poor performance of ASP (Liu
et al., 2022) is that the jointly learned model requires
the model to make use of more data to fully learn the
embedding layers. In fact, tasks that ASP performs well
on, like ACE2005 (Sang and De Meulder, 2003), have
10x more documents and annotation than our dataset. ˜
We show more details in Appendix E, Figure 8.
6 Practical Use Case: Census 2020
To get feedback on our work from a preliminary group
of users, we apply our models to a domain of state￾level law pertinent to journalists. In 2020, the U.S.
Census count faced multiple challenges, notably the
Trump administration’s attempt to add the question:
“Are you a legal citizen?”. Many researchers hypoth￾esized that populations, especially minorities, might
be inaccurately counted (Naylor, 2020; Mervis, 2019;
Berry-James et al., 2020). Scant insight existed, espe￾cially on the state-level, into how population counts
were being used in law19: the corpus of state-level laws
was too large and varied for journalists to parse.
On the other hand, this provided an interesting case
for discourse-based reasoning. Population counts typi￾cally get used as a relatively unambiguous TEST. For
example, see Figure 1, e.g. “In counties with less than
20,000, adjudicators shall..”. Our discourse models
help us identify this occurring, and then we can develop
ways to parse out the specific ways population is in
TEST discourse. We describe the website we built to fa￾19Besides federal budgeting and Congressional represen￾tation, which have already been manually programatized
(Reamer, 2018; Berry-James et al., 2020).
8542
ENT ↔ PRED ENT ↔ ENT PRED ↔ PRED All (Macro) All (Micro)
Detect Class. Detect Class. Detect Class. Detect Class. Detect Class.
Baselines
ASP 26.5 14.2 4.5 3.8 4.0 2.2 13.6 6.7 19.5 11.1
PURE 73.9 64.5 15.4 5.3 45.7 38.2 49.5 40.5 63.1 53.9
GPT3.5
0-shot 54.9 0.0 42.5 27.1 25.2 23.2 40.8 16.8 48.5 7.2
0-shot w. def 69.4 0.0 54.2 39.5 60.8 48.2 61.5 29.2 65.1 12.8
10-shot 50.6 55.3 56.8 53.9 40.2 34.2 49.2 47.8 50.5 51.7
10-shot w. def 72.6 60.1 68.5 65.9 65.1 35.2 68.7 53.7 70.8 56.7
GPT finetuned 82.6 85.9 76.5 88.7 81.0 65.9 80.0 80.2 81.1 82.9
Table 5: Relation Detection and Classification F1 score. We examine scores between three categories of relations:
ENTITIES ↔ ENTITIES, ENTITIES ↔ PREDICATES, and PREDICATES ↔ PREDICATES. ENTITIES are
SUBJECT, OBJECT and PROBE, and PREDICATES are all other discourse types. Classification is only run for
discourse-type pairs where more than one relation can exist (see Section 2).
cilitate different explorations, and then we describe two
such explorations that we received permission from the
journalists collaborating with us to write about. We will
focus on our own contributions in these collaborations.
6.1 Website Design
We design a website20 to enable exploration of our
dataset and modeling output. Users can (1) perform
full-text search on all laws in our database, (2) view the
spans our models have extracted, by their discourse role,
across laws and (3) correct or provide new annotations.
For more detail on the website, including flow diagrams,
see Appendix D. The website’s overall goal is to facili￾tate both deep explorations and wide explorations.
Going deep: Going “deep” here, essentially, means
finding a subset of the laws to study first, via keyword fil￾tering, and then analyzing the discourse relations within
the laws. The web search functionality21 helps users
do this by exploring a specific term or concept in the
law’s plain text or in specific discourse role (e.g. laws
affecting OBJECT=“taxpayer”). After the user finds an
interesting subset of laws they wish to study, we use our
discourse models to answer: who is being affect, under
what conditions, and how?
Going wide: Conversely, going “wide” means study￾ing discourse units and relations first, then analyzing
the laws. The website includes a second functionality:
allowing users can view aggregate counts of different
discourse units and relations. This helps users notice
patterns among the ways in which discourse was being
used. After a user notices a specific pattern in discourse
roles (e.g. EXCEPTION units modifying TEST units
about taxes), then we can analyze the laws that include,
or do not include, these elements.
20To view the website, see: http://www.statecen
suslaws.org/
21Powered by ElasticSearch (Elasticsearch, 2018)
Figure 4: Illustration of a Use-Case: A heatmap of the
state of Tennessee, colored by the number of laws that
would no longer apply in counties, if a 5% undercount in
the census were to occur. Counties with Nashville and
Knoxville are particularly effected. Population-related
TESTs were identified using our discourse framework.
In both flows, visitors can access our annotation
framework, described in Section 3.2, which helped us
gather more data (to be used in the future). For more
on the design of our website, see Appendix D. We now
describe two example articles that are currently being
explored by users of our system.
6.1.1 Case Study #1: Going Deep (Liquor Store
Licenses)
In the first example, journalists hypothesized that the
allocation of new liquor licenses might be population￾based. To explore this, they used the search interface;
they searched for the term “alcohol OR liquor OR bev￾erage” in the search interface and discovered that in￾terface returned 270 laws. Together, we analyzed the
breakdown of liquor-related law by state. We found that
the states most likely to base liquor licenses off popu￾lation counts were Tennessee, New York and Illinois.
They then asked us to extract all TESTS from these
laws. We found that mid-size cities would be the most
likely to be impacted by a 5% or 10% undercount in
population. The journalists identified key cities and are
seeking sources in these areas.
8543
6.1.2 Case Study #2: Going Wide (Slim Population
Thresholds)
In another example, journalists explored the top-level
discourse annotations. They noticed that some TESTS
are based on explicit population thresholds (ex. Figure
1) and that some of these thresholds were very narrow.
We identified all TESTs in our dataset, using our dis￾course schema. We then compiled several keyword fil￾ters and regular expressions extract specific population
thresholds.
We found that in Tennessee, in particular, over 40% of
all Census-related laws imposed narrow population tests
of fewer than 500 people (e.g. “for counties with no less
than 400,000 and no more than 400,500 inhabitants”)
and 10% imposed tests of fewer than 100 people. We
show in Figure 4 a vivid illustration of the number of
laws that would be affected with a 5% undercount in
population, based on population projections made prior
to 2020 (Vespa et al., 2018). As can be seen, major
population centers like Nashville and Knoxville are the
most affected centers.
This raised questions: what is the purpose of these
narrowly targeted laws? Were they trying to target spe￾cific counties without mentioning them by name? The
journalists are now investigating further by tracking
down the authors of these laws.
7 Related Work
Although the field of AI-driven legal aids is multifaceted
and growing (Kauffman and Soares, 2020), free and
open-source frameworks remain few (Morris, 2019;
Dale, 2019; Vergottini, 2011). Our discourse-driven
web application, designed for legal exploratory analysis
is one of the few AI-powered, free applications that ex￾ist, and the first to open source tools for legal document
collection.
For-profit legal inquiry systems, as mentioned above,
are numerous. Bloomberg Law22, Westlaw23, Lexis￾Nexis24 and Wolters Kluwar25 are the four main ser￾vices for legal research (Dale, 2019), which provide
subscription-based, Google-style searches. CaseText26
and Ravel27 were two upstart case-text search engines
(although both have now been aquired); CaseText of￾fered crowdsourced annotations and Ravel linked cases
together to create visual maps of important cases (Lee
et al., 2015). We similarly provide a way of collect￾ing user-annotations, and a novel way linking together
cases, although ours takes a discourse approach rather
than an unsupervised clustering approach.
Various discourse schemas have been developed to un￾derstand law texts, including deontological logic-based
schemas (Wyner and Peters, 2011; Zeni et al., 2015), and
22https://pro.bloomberglaw.com/
23https://www.westlaw.com/
24https://www.lexisnexis.com
25https://www.wolterskluwer.com
26https://casetext.com/
27https://home.ravellaw.com/
subject matter-specific schemas (Espejo-Garcia et al.,
2019). Ours is the first discourse-based approach to take
steps towards a big-data approach by setting up a frame￾work for the ingestion of crowdsourced annotations.
Finally, outside of the legal domain, other areas have
experienced a growth in academically-oriented systems
for human-in-the-loop inquiry. The COVID-19 pan￾demic has produced a burst in NLP-driven corpora￾collection (Wang et al., 2020), demonstrations (Sohrab
et al., 2020; Hope et al., 2020; Spangher et al., 2020)
and workshops (Verspoor et al., 2020b,a).
Such concerted effort in the NLP domain to expose
resources and build open tools for subject matter experts
is an inspiring guide for how NLP researchers can con￾tribute to wider inquiries. We hope such efforts expand
to other domains as well, forming a common alliance
between academics, civil-minded journalists and other
researchers and end-users.
8 Conclusion
We have sought to take steps towards a semantic under￾standing of legal texts, a goal long held in computational
law (Gardner, 1984). We show that large language mod￾els, while achieving impressive results in some parts of
our task, show surprisingly weak performance compared
to human annotators in others. Language models have
an important role to play in interpreting law and low￾ering the barrier of access to legal systems for citizens,
journalists and academics. Our task is an important step
towards assessing a sturdy foundation and opening the
door to more intensive legal tasks be considered (Guha
et al., 2023).
In this work, we have additionally presented three
open-source components. (1) A web-app exposing a
novel discourse schema and its application to state law
referencing U.S. Census counts. (2) A flexible and
modular annotation framework that can be seamlessly
embedded into web-apps to allow visitors to contribute
and update annotations. (3) A set of web-scrapers to
help researchers gather public-domain legal text. We
demonstrated concrete utility to facilitate journalistic
exploration with our discourse schema. Our longer-term
goal is to collect feedback and data, and improve our
database and machine learning systems. We hope that
such efforts can continue to push Legaltech (Hartung
et al., 2017) into a more open and accessible domain,
and make it easier to understand the laws governing our
society.
9 Acknowledgements
We would like to thank Drs. Nanyun Peng, Mike
Annany, Clay Eltzroth and Matthias Grabmair for in￾valuable discussions throughout the development of
this project. Alexander Spangher would like to thank
Bloomberg L.P. for generously funding him with a 4-
year PhD fellowship.
8544
10 Limitations and Impact Statement
There were several possible ethical considerations we
encountered during this research which we wish to ad￾dress.
10.1 Theoretical Limitations
Our current span-relation approach is limited and still
allows for considerable ambiguity. This, we discover,
lies in the recursive nature of our task.
Spans can be parsed recursively, with each layer of
parsing bringing their semantic structure trends to a
syntactic parse (Manning et al., 2014). For example,
“Assistants of the second judge within the 9th circuit shall
not...” admits multiple parses. A broad parse that creates
minimals spans: “Assistants of the second judge within
the 9th circuit shall not...”. The most granular parse
is: “Assistants of the second judge within the 9th circuit
shall not...”. There is no “correct” parse, at least without
reference to the use-case.
We resolve these ambiguities where possible during
training, by making intuitive judgements about the likeli￾hood of an entity to be usefully parsed from a predicate.
For example, parsing “the 9th circuit” into “the 9th
circuit” is likely not a useful parse because we will
likely not require models to reason about the differences
between different circuits; it is likely safe to keep the
phrase as a single span. However, this is an assumption,
and there is still often considerable ambiguity in our an￾notation efforts. A more complete theoretical approach
would be to allow for a tree-like parse structure. We
look forward to this in future work.
10.2 Dataset Limitations
Provenance: This dataset was constructed with English￾only laws from states within the U.S. This is a signif￾icant limitation. The U.S. is a common-law system,
which makes it’s legal texts categorically different from
civil-law systems (Tetley, 1999). Thus, our approach
to discourse parsing may not generalize across jurisdic￾tions.
Dataset Creation: The creation of our dataset in￾volved scraping numerous websites, including state
websites, state-licensed LexisNexis pages and https:
//www.justia.com. In the third case, Justia, we
did not violate any terms of service. In fact, Justia’s
robots.txt file28 is the most permissive possible,
giving unlimited license to any crawler. It is generally
accepted that robots.txt files are implied licenses
of access,29 and we did not disregard Justia’s file before
scraping.
Content derived from the first two categories, state
law websites and official, state-licensed websites like
LexisNexis are, by law, public domain (Wolfe, 2019;
28Found here https://www.justia.com/robots.
txt. Such files govern the site-owners’ standards for scraping
and crawling.
29https://stackoverflow.com/questions/
999056/ethics-of-robots-txt
MacWright, 2013). Web-scraping the public domain is
neither illegal nor unethical (Mehta, 2021). As we did
in the body of the paper, we again emphatically criticize
attempts by providers to make web-scraping difficult,
and we went to lengths to overcome this.
Dataset Annotation: All parties involved in anno￾tating our dataset received valid compensation. We
relied entirely on expert researchers to collect our an￾notations. This included the authors of this paper. All
the researchers who provided annotations for us were
affiliated with our institution and compensated appropri￾ately by our institution (we leave the determination of
“appropriate” for our institution to define.)
Although we describe accommodating AMT tasks in
the body of the paper, thus far, we have not used any
annotations made by Turkers on AMT or by journal￾ists/researchers using our site. If we do, we will ensure
there are no ethical issues by securing university IRB
approval or exemption, as deemed fit by the IRB. For
the Turkers, we will calculate a payment that equals, on
average, $15 an hour. For the journalists/researchers,
we will have exchanged something of value (the use of
our web-app) for the annotation.
10.3 Website Limitations
Website Usage: Our website has significant accessi￾bility limitations for the seeing-impaired and for non￾English speakers. We have not addressed them in this
current version, but are mindful and actively searching
for options to expand accessibility.
There are two ways in which seeing-impaired users
might suffer. First, blind users will not be able to read
any of the site without external tools, as we have not
recorded or built in any native audio-scripts, keyboard
shortcuts or voice-activated commands. Besides “not
containing irrelevant information” (Giraud et al., 2018),
we can do more to audit our website (Tosaka, 2005) and
organize the flow on our site to increase blind accessibil￾ity. Secondly, part of our website introduces users to our
discourse schema by introducing them to color-coded
segments of text. We are actively investigating color￾schemes and other approaches that are more amenable
to color-blind individuals, of which there is extensive
research (Wakita and Shimamura, 2005; Jambor et al.,
2021; Foti and Santucci, 2009). Because of the proto￾type nature of this website, we have not yet investigated
these, but they are crucial next-steps.
Our website focuses on U.S.-based laws and contains
only English-language text. We do not attempt, in this
version, to perform translations. Our plan in the present
iteration of this work was to work with U.S.-based jour￾nalists studying U.S.-based law. We have not yet un￾dertaken a study to compare how well our discourse
schema would apply to non-U.S. law, be it common or
civil (Dainow, 1966). However, if this approach proves
useful for journalists and researchers, we will certainly
seek to undertake this.
8545
References
RaJade M Berry-James, Susan T Gooden, and
Richard Greggory Johnson III. 2020. Civil rights,
social equity, and census 2020. Public Administra￾tion Review, 80(6):1100–1108.
David M Blei, Andrew Y Ng, and Michael I Jordan.
2003. Latent dirichlet allocation. Journal of machine
Learning research, 3(Jan):993–1022.
Rishi Bommasani, Drew A Hudson, Ehsan Adeli,
Russ Altman, Simran Arora, Sydney von Arx,
Michael S Bernstein, Jeannette Bohg, Antoine Bosse￾lut, Emma Brunskill, et al. 2021. On the opportuni￾ties and risks of foundation models. arXiv preprint
arXiv:2108.07258.
María Granados Buey, Angel Luis Garrido, Carlos
Bobed, and Sergio Ilarri. 2016. The ais project:
Boosting information extraction from legal docu￾ments by using ontologies. In ICAART (2), pages
438–445.
Lynn Carlson, Daniel Marcu, and Mary Ellen
Okurowski. 2003. Building a discourse-tagged cor￾pus in the framework of rhetorical structure theory.
Current and new directions in discourse and dialogue,
pages 85–112.
Jiaao Chen and Diyi Yang. 2021. Structure-aware ab￾stractive conversation summarization via discourse
and action graphs. arXiv preprint arXiv:2104.08400.
Prafulla Kumar Choubey, Aaron Lee, Ruihong Huang,
and Lu Wang. 2020. Discourse as a function of event:
Profiling discourse structure in news articles around
the main event. In Proceedings of the 58th Annual
Meeting of the Association for Computational Lin￾guistics.
Joseph Dainow. 1966. The civil law and the common
law: some points of comparison. Am. J. Comp. L.,
15:419.
Robert Dale. 2019. Law and word order: NLP in le￾gal tech. Natural Language Engineering, 25(1):211–
217.
Niklas Dehio, Malte Ostendorff, and Georg Rehm.
2022. Claim extraction and law matching for covid￾19-related legislation. In Proceedings of the Thir￾teenth Language Resources and Evaluation Confer￾ence, pages 480–490.
Jacob Devlin, Ming-Wei Chang, Kenton Lee, and
Kristina Toutanova. 2018. Bert: Pre-training of deep
bidirectional transformers for language understand￾ing. arXiv preprint arXiv:1810.04805.
Judith Eckle-Kohler, Roland Kluge, and Iryna Gurevych.
2015. On the role of discourse markers for discrim￾inating claims and premises in argumentative dis￾course. In Proceedings of the 2015 Conference on
Empirical Methods in Natural Language Processing,
pages 2236–2242.
BV Elasticsearch. 2018. Elasticsearch. software], ver￾sion, 6(1).
Karl Engisch, Thomas Würtenberger, and Dirk Otto.
2018. Einführung in das juristische Denken.
Kohlhammer Verlag.
Borja Espejo-Garcia, Francisco J Lopez-Pellicer, Javier
Lacasta, Ramón Piedrafita Moreno, and F Javier
Zarazaga-Soria. 2019. End-to-end sequence labeling
via deep learning for automatic extraction of agri￾cultural regulations. Computers and Electronics in
Agriculture, 162:106–111.
Antonella Foti and Giuseppe Santucci. 2009. Increasing
web accessibility through an assisted color specifica￾tion interface for colorblind people. IxD&A, 5:41–48.
Anne von der Lieth Gardner. 1984. Artificial intelli￾gence approach to legal reasoning. Technical report,
Stanford Univ.
Samuel Gibbs. 2016. Chatbot lawyer overturns 160,000
parking tickets in london and new york. The
Guardian.
Stéphanie Giraud, Pierre Thérouanne, and Dirk D
Steiner. 2018. Web accessibility: Filtering redundant
and irrelevant information improves website usability
for blind users. International Journal of Human￾Computer Studies, 111:23–35.
Neel Guha, Julian Nyarko, Daniel E. Ho, Christopher
Ré, Adam Chilton, Aditya Narayana, Alex Chohlas￾Wood, Austin Peters, Brandon Waldon, Daniel N.
Rockmore, Diego Zambrano, Dmitry Talisman, Enam
Hoque, Faiz Surani, Frank Fagan, Galit Sarfaty, Gre￾gory M. Dickinson, Haggai Porat, Jason Hegland,
Jessica Wu, Joe Nudell, Joel Niklaus, John Nay,
Jonathan H. Choi, Kevin Tobia, Margaret Hagan,
Megan Ma, Michael Livermore, Nikon Rasumov￾Rahe, Nils Holzenberger, Noam Kolt, Peter Hender￾son, Sean Rehaag, Sharad Goel, Shang Gao, Spencer
Williams, Sunny Gandhi, Tom Zur, Varun Iyer, and
Zehua Li. 2023. Legalbench: A collaboratively built
benchmark for measuring legal reasoning in large
language models.
Markus Hartung, Micha-Manuel Bues, and Gernot Hal￾bleib. 2017. Legal tech. CH Beck.
Dan Hendrycks, Collin Burns, Anya Chen, and
Spencer Ball. 2021. Cuad: An expert-annotated
nlp dataset for legal contract review. arXiv preprint
arXiv:2103.06268.
Nils Holzenberger, Andrew Blair-Stanek, and Benjamin
Van Durme. 2020. A dataset for statutory reasoning
in tax law entailment and question answering. arXiv
preprint arXiv:2005.05257.
Tom Hope, Jason Portenoy, Kishore Vasan, Jonathan
Borchardt, Eric Horvitz, Daniel Weld, Marti Hearst,
and Jevin West. 2020. SciSight: Combining faceted
navigation and research group detection for COVID￾19 exploratory scientific search. In Proceedings of the
2020 Conference on Empirical Methods in Natural
8546
Language Processing: System Demonstrations, pages
135–143, Online. Association for Computational Lin￾guistics.
Helena Jambor, Alberto Antonietti, Bradly Alicea,
Tracy L Audisio, Susann Auer, Vivek Bhardwaj,
Steven J Burgess, Iuliia Ferling, Małgorzata Anna
Gazda, Luke H Hoeppner, et al. 2021. Creating clear
and informative image-based figures for scientific
publications. PLoS biology, 19(3):e3001161.
Megumi Kameyama. 1997. Recognizing referential
links: An information extraction perspective. arXiv
preprint cmp-lg/9707009.
Daniel Martin Katz, Michael James Bommarito, Shang
Gao, and Pablo Arredondo. 2023. Gpt-4 passes the
bar exam. Available at SSRN 4389233.
Marcos Eduardo Kauffman and Marcelo Negri Soares.
2020. AI in legal services: new trends in AI-enabled
legal services. Service Oriented Computing and Ap￾plications, 14(4):223–226.
Yuta Koreeda and Christopher D Manning. 2021.
Contractnli: A dataset for document-level natural
language inference for contracts. arXiv preprint
arXiv:2110.01799.
Katrina June Lee, Susan Azyndar, and Ingrid AB Matt￾son. 2015. A new era: Integrating today’s next gen
research tools ravel and casetext in the law school
classroom. Rutgers Computer & Tech. LJ, 41:31.
Qi Li and Heng Ji. 2014. Incremental joint extraction of
entity mentions and relations. In Proceedings of the
52nd Annual Meeting of the Association for Compu￾tational Linguistics (Volume 1: Long Papers), pages
402–412.
Tianyu Liu, Yuchen Jiang, Nicholas Monath, Ryan Cot￾terell, and Mrinmaya Sachan. 2022. Autoregressive
structured prediction with language models. arXiv
preprint arXiv:2210.14698.
Tom MacWright. 2013. State law is public domain.
what’s public domain? macwright.com.
Christopher D Manning, Mihai Surdeanu, John Bauer,
Jenny Rose Finkel, Steven Bethard, and David Mc￾Closky. 2014. The stanford corenlp natural language
processing toolkit. In Proceedings of 52nd annual
meeting of the association for computational linguis￾tics: system demonstrations, pages 55–60.
Lucien Mehl. 1958. Automation in the legal world.
National Physical Laboratory.
Ivan Mehta. 2021. Us court says scraping a site without
permission isn’t illegal. TNW | Security.
Jeffrey Mervis. 2019. Census citizenship ques￾tion is dropped, but challenges linger. Science,
365(6450):211–211.
Jason Morris. 2019. Making mischief with open-source
legal tech: Radiant law.
Lorenda A Naylor. 2020. Counting an invisible class
of citizens: The lgbt population and the us census.
Public Integrity, 22(1):54–72.
Mariana Neves and Jurica Ševa. 2021. An extensive
review of tools for manual annotation of documents.
Briefings in bioinformatics, 22(1):146–163.
Alessandra Potrich and Emanuele Pianta. 2008. L-isa:
Learning domain specific isa-relations from the web.
In LREC.
Rashmi Prasad, Nikhil Dinesh, Alan Lee, Eleni Milt￾sakaki, Livio Robaldo, Aravind K Joshi, and Bon￾nie L Webber. 2008. The penn discourse treebank
2.0. In LREC.
Colin Raffel, Noam Shazeer, Adam Roberts, Katherine
Lee, Sharan Narang, Michael Matena, Yanqi Zhou,
Wei Li, and Peter J Liu. 2020. Exploring the limits
of transfer learning with a unified text-to-text trans￾former. The Journal of Machine Learning Research,
21(1):5485–5551.
Andrew Reamer. 2018. Counting for dollars 2020: the
role of the decennial census in the geographic distri￾bution of federal funds. Initial Analysis, 16.
Erik F Sang and Sabine Buchholz. 2000. Introduction to
the conll-2000 shared task: Chunking. arXiv preprint
cs/0009008.
Erik F Sang and Fien De Meulder. 2003. Introduction
to the conll-2003 shared task: Language-independent
named entity recognition. arXiv preprint cs/0306050.
Mohammad Golam Sohrab, Khoa Duong, Makoto
Miwa, Goran Topic, Ikeda Masami, and Takamura ´
Hiroya. 2020. BENNERD: A neural named entity
linking system for COVID-19. In Proceedings of the
2020 Conference on Empirical Methods in Natural
Language Processing: System Demonstrations, pages
182–188, Online. Association for Computational Lin￾guistics.
Alexander Spangher, Jonathan May, Sz-rung Shiang,
and Lingjia Deng. 2021. Multitask learning for class￾imbalanced discourse classification. arXiv preprint
arXiv:2101.00389.
Alexander Spangher, Yao Ming, Xinyu Hua, and
Nanyun Peng. 2022. Sequentially controlled text
generation. In Findings of the Association for Com￾putational Linguistics: EMNLP 2022, pages 6848–
6866.
Alexander Spangher, Nanyun Peng, Jonathan May, and
Emilio Ferrara. 2020. Enabling low-resource transfer
learning across COVID-19 corpora by combining
event-extraction and co-training. In Proceedings of
the 1st Workshop on NLP for COVID-19 at ACL 2020,
Online. Association for Computational Linguistics.
Pontus Stenetorp, Sampo Pyysalo, Goran Topic,´
Tomoko Ohta, Sophia Ananiadou, and Jun’ichi Tsujii.
2012. brat: a web-based tool for NLP-assisted text
annotation. In Proceedings of the Demonstrations
8547
at the 13th Conference of the European Chapter of
the Association for Computational Linguistics, pages
102–107, Avignon, France. Association for Computa￾tional Linguistics.
William Tetley. 1999. Mixed jurisdictions: Common
law v. civil law (codified and uncodified). La. L. Rev.,
60:677.
Kevin P Tobia. 2020. Testing ordinary meaning. Harv.
L. Rev., 134:726.
V Yasuaki Takamoto V Hideki Tosaka. 2005. Web
accessibility diagnosis tools. Fujitsu Sci. Tech. J,
41(1):115–122.
Grant Vergottini. 2011. To go open source or not?
Karin Verspoor, Kevin Bretonnel Cohen, Michael Con￾way, Berry de Bruijn, Mark Dredze, Rada Mihalcea,
and Byron Wallace, editors. 2020a. Proceedings of
the 1st Workshop on NLP for COVID-19 (Part 2) at
EMNLP 2020. Association for Computational Lin￾guistics, Online.
Karin Verspoor, Kevin Bretonnel Cohen, Mark Dredze,
Emilio Ferrara, Jonathan May, Robert Munro, Cecile
Paris, and Byron Wallace, editors. 2020b. Proceed￾ings of the 1st Workshop on NLP for COVID-19 at
ACL 2020. Association for Computational Linguis￾tics, Online.
Jonathan E Vespa, David M Armstrong, Lauren Med￾ina, et al. 2018. Demographic turning points for the
United States: Population projections for 2020 to
2060. US Department of Commerce, Economics and
Statistics Administration, US . . . .
Ken Wakita and Kenta Shimamura. 2005. Smartcolor:
disambiguation framework for the colorblind. In Pro￾ceedings of the 7th International ACM SIGACCESS
Conference on Computers and Accessibility, pages
158–165.
Zhen Wan, Fei Cheng, Zhuoyuan Mao, Qianying
Liu, Haiyue Song, Jiwei Li, and Sadao Kurohashi.
2023. Gpt-re: In-context learning for relation ex￾traction using large language models. arXiv preprint
arXiv:2305.02105.
Lucy Lu Wang, Kyle Lo, Yoganand Chandrasekhar,
Russell Reas, Jiangjiang Yang, Doug Burdick, Darrin
Eide, Kathryn Funk, Yannis Katsis, Rodney Michael
Kinney, Yunyao Li, Ziyang Liu, William Merrill,
Paul Mooney, Dewey A. Murdick, Devvret Rishi,
Jerry Sheehan, Zhihong Shen, Brandon Stilson,
Alex D. Wade, Kuansan Wang, Nancy Xin Ru Wang,
Christopher Wilhelm, Boya Xie, Douglas M. Ray￾mond, Daniel S. Weld, Oren Etzioni, and Sebastian
Kohlmeier. 2020. CORD-19: The COVID-19 open
research dataset. In Proceedings of the 1st Work￾shop on NLP for COVID-19 at ACL 2020, Online.
Association for Computational Linguistics.
Steven H Wang, Antoine Scardigli, Leonard Tang,
Wei Chen, Dimitry Levkin, Anya Chen, Spencer
Ball, Thomas Woodside, Oliver Zhang, and Dan
Hendrycks. 2023. Maud: An expert-annotated le￾gal nlp dataset for merger agreement understanding.
arXiv preprint arXiv:2301.00876.
Jason Wei, Xuezhi Wang, Dale Schuurmans, Maarten
Bosma, Fei Xia, Ed Chi, Quoc V Le, Denny Zhou,
et al. 2022. Chain-of-thought prompting elicits rea￾soning in large language models. Advances in Neural
Information Processing Systems, 35:24824–24837.
Shomir Wilson, Florian Schaub, Aswarth Abhilash
Dara, Frederick Liu, Sushain Cherivirala, Pedro Gio￾vanni Leon, Mads Schaarup Andersen, Sebas￾tian Zimmeck, Kanthashree Mysore Sathyendra,
N Cameron Russell, et al. 2016. The creation and
analysis of a website privacy policy corpus. In Pro￾ceedings of the 54th Annual Meeting of the Associa￾tion for Computational Linguistics (Volume 1: Long
Papers), pages 1330–1340.
Jan Wolfe. 2019. U.s. high court to rule on scope of
copyright for legal codes.
Adam Z Wyner and Wim Peters. 2011. On rule extrac￾tion from regulations. In JURIX, volume 11, pages
113–122.
Jie Yang, Yue Zhang, Linwei Li, and Xingxuan Li. 2017.
Yedda: A lightweight collaborative text span annota￾tion tool. arXiv preprint arXiv:1711.03759.
Seid Muhie Yimam, Iryna Gurevych, Richard Eckart
de Castilho, and Chris Biemann. 2013. Webanno: A
flexible, web-based and visually supported system for
distributed annotations. In Proceedings of the 51st
Annual Meeting of the Association for Computational
Linguistics: System Demonstrations, pages 1–6.
Dmitry Zelenko, Chinatsu Aone, and Anthony
Richardella. 2003. Kernel methods for relation ex￾traction. Journal of machine learning research,
3(Feb):1083–1106.
Nicola Zeni, Nadzeya Kiyavitskaya, Luisa Mich,
James R Cordy, and John Mylopoulos. 2015. Gaiust:
supporting the extraction of rights and obligations for
regulatory compliance. Requirements engineering,
20(1):1–22.
Haoxi Zhong, Chaojun Xiao, Cunchao Tu, Tianyang
Zhang, Zhiyuan Liu, and Maosong Sun. 2020. Jec￾qa: a legal-domain question answering dataset. In
Proceedings of the AAAI Conference on Artificial
Intelligence, volume 34, pages 9701–9708.
Zexuan Zhong and Danqi Chen. 2020. A frustrat￾ingly easy approach for entity and relation extraction.
arXiv preprint arXiv:2010.12812.
Sebastian Zimmeck, Peter Story, Daniel Smullen, Ab￾hilasha Ravichander, Ziqi Wang, Joel R Reidenberg,
N Cameron Russell, and Norman Sadeh. 2019. Maps:
Scaling privacy compliance analysis to a million apps.
Proc. Priv. Enhancing Tech., 2019:66.
8548
Figure 5: Topic model run over our corpus, showing 3
states. Topics are manually labeled by analyzing top
words.
start end
label
PROBE 28% 32%
TEST 36% 56%
SUBJECT 36% 47%
DEFINITION 41% 55%
EXCEPTION 42% 50%
CLASS 45% 61%
CONSEQUENCE 46% 56%
OBJECT 51% 59%
Table 6: Average start and end character positions of
discourse units.
A Additional Data Analysis
We give analysis of the corpus we collected. In Table 6,
we show average character positions of discourse units
in the document, as a percentage of the length of the
document. PROBE is most likely to occur first in a
document, followed by TEST. Discourse units are less
likely to occur in the second half of the document.
We examine attributes of relations between discourse
elements in Figure 3 and 6. Figure 3 shows the likeli￾hood of transitioning to a target discourse type condi￾tioned on a source type. In Figure 2, we observe there
is a strong bias for discourse elements that are appear
first in the document to be connected with discourse
elements later. We order the x and y axes by the most
likely starting points, as given in Table 6. We see a
strong diagonal bias: all discourse elements are likely to
transition to elements of the same type. We also notice
the strong SUBJECT → CONSEQUENCE → OBJECT
relation, as well as the PROBE → TEST relation.
We summarize the law corpus we collected using a
topic model with 5 topics. In Table 7, we show the top
words for each topic, as well as a manual annotation
of topic label. In Table 5, we show 3 states with very
different topic proportions in the laws in our corpus.
Figure 6: Likelihood of relations, normalized by the
random chance of a relation occurring in a document.
In other words, if np is the count of all annotated pairs
of relations and nr is a count of all randomly occurring
pairs from a random sample of all n
2

pairs of discourse
units in a law text, then the color scale is np
np+nr
. Values
> .5 are more likely to be paired than random chance.
B Additional Schema Definitions
B.1 Span-Level Schema: Minor Classes
• A DEFINITION is a span of text serving to clar￾ify the ordinary meaning (Tobia, 2020) of a term
used in the legal text (e.g. ““Qualified taxpayer”
means a person or entity engaged in a trade or
business within...”)
• The CLASS of an entity is a modifier that serves
to disambiguate the entity from other entities.
In knowledge-graph terms, CLASS specifies the
source node in an isA-type relationship (Potrich
and Pianta, 2008); specifically, the entity with a
CLASS tag is a subclass of the entity without the
class tag (e.g. “The trial court judge shall, in...”).
B.2 Relational Schema
We define 21 relational categories during our annotation
process. The first category is of relations that occur
between text-spans of different types.
• EntityEmpoweredTo, EntityRequiredTo: Indi￾cates which SUBJECT entity (or, in rarer cases, an
OBJECT entity) recieves powers or responsibilities
under a CONSEQUENCE.
• Affects, AffectedBy: Indicates which OBJECT en￾tity or entities are affected the CONSEQUENCE of
the law, usually mediated through the SUBJECT.
• TestConcerns, Entitytested: Indicates which en￾tity a TEST is applied to. This relation typically
establishes conditions governing many other en￾tities in the law, not just the entity tested; this is
especially the case when the entity is a PROBE.
8549
Education Courts Elections Government Boards Poverty
Development Programs Funding
education body metropolitan development town
supervisors legislative government finance property
school judges municipality facility taxes
district courts counties economic paid
inhabitants compensation excess poverty class
districts appointed having limited portion
city elections subsection income assessment
Table 7: Summarizing the legal corpus with Latent Dirichlet Allocation (Blei et al., 2003): top words in each topic.
• ExceptionAppliesTo, ConditionalTest, Condi￾tionalConsequence: Indicates which discourse
unit (or, in some cases, a second TEST) is applied
to. EXCEPTION and multiple levels of TEST are
broadly applied to all different kinds of discourse
units.
• Comparison: A more nebulous relational cate￾gory, this forms the basis of how the conditional
applicability of a law is assessed. Usually found in
TEST relations, this relation-type occurs when an
attribute of an entity is measured in order to make
a determination about whether the conditions are
satisfied and the law may be applied. This relation
inspired by original attempts to support program￾matic legal analysis (Gardner, 1984).)
• EntityHasProperty, PropertyOf: When any has
a particular attribute or CLASS (can be used along
with the Comparison relation and a TEST).
• IsDefinedAs, DefinitionOf: Indicates the entity
being defined by a DEFINITION.
The second category of relations typically applies to
spans of the same type:
• SameEntity: Indicates that two entities are either
separate instances of the same class of entity, or
they literally refer to the same instance of an entity
in legal text.
• Continuation: Indicates that two disjointed spans
of text refer to the same discourse unit. Can occur
when a span is split by another discourse unit.
• FollowedBy: When one predicate is conducted
or evaluated after the other, in logical order (e.g.
in a CONSEQUENCE-CONSEQUENCE relation:
“The magistrate must attend the meetings, then they
may be seated.”).
• Or: Either two predicates or entities are mentioned
in the law, but when only one needs to be passed
(in the case of a predicate), or only one entity is
affected.
• And: Either two predicates or entities are men￾tioned in the law, but both need to be passed (in the
case of a predicate), or both entities are affected.
• SameClass: Indicates that two discourse units
identified as CLASS are the same.
C Annotation Interface Details
Our annotation tool is we designed a simple and mod￾ularized annotation framework in 600 lines of JQuery,
Javascript and HTML, with a Datastore backend30. Our
annotation framework supports span annotation and re￾lation tagging.
The annotation interface itself, shown in Figure
2, is powered by a stateful page object, called
PageHandler, that is instantiated with several pa￾rameters (page_height, buttons, relations)
and handles all of the page interactions. The
PageHandler is placed directly in the HTML page
containing the text to be annotated, so any service that
can render text can automatically become an annotation
service. In our case, we built Jinja templates to render
our HTML, since our server is coded in Python-Flask.
We additionally provide a helper function that, with
input data, can compile our Jinja templates as static,
fully-functional AMT HTMLQuestions.
We use a Datastore backend to track progress towards
annotation tasks, as shown in Figure ??. We code data
entries (the equivalent of MySQL tables) to track helper￾statistics, helper_summ, how many tasks are left to
assign, incomp_tasks, and how many annotations
have been completed, comp_annot. We track these
statistics to ensure that we can obtain multiple annota￾tions for each task, and that no helper sees the same
task more than once. We perform one GET request
at the beginning of each user session to collect user￾stats and then use client-side cookies throughout the
session to minimize the number of requests we send
to the back-end. We use a NoSQL database because
they are low-latency and designed for streaming, and
Datastore because our web-app is hosted on Google
30Google Datastore is a NoSQL, scalable JSON store,
which is suitable for our usecase. https://cloud.go
ogle.com/datastore
8550
App Engine. We include our Datastore management
back-end as part of the annotation package. To use our
tool with other NoSQL providers,31 a port is necessary.
D Website Design
In Flow 1, users can use a query box to perform full-text
and faceted search on laws and then click on and return
results to read the full text of the law. ElasticSearch
powers both of these endpoints. This flow is useful
for when journalists want to explore a specific term
or concept irrespective of its discourse role, or simply
familiarize themselves with the corpus.
In Flow 2, users can view aggregate counts of dif￾ferent discourse elements, by type, across the corpora.
This helps to summarize the corpora from a functional
standpoint, as described in Section 2. Users navigate
this flow by clicking on one of five buttons to see the
counts of each of the five principle discourse spans, then
clicking on any of the returned span results to view all
laws with this span. MySQL serves both of these end￾points (and provides additional metrics, such as a map
in the about.html page, not shown here.).
In both flows, visitors can access our annotation
framework, described in Section 3.2. From Flow 1,
they can click search results to tag a specific paragraph,
and from Flow 2 they can click to correct an annotated
paragraph. Additionally, they can annotate a randomly
selected paragraph by clicking “Help Us Tag.”
E Additional Experimental Results
We give more results for the Span-Level tagging task,
reporting on precision and recall as well as F1.
F Prompt Designs for GPT3.5
Here we give sample prompts, along with their true￾label completions for each span. For each prompt, we
show the 1-shot version, for completeness and brevity.
However, we tested with 0, 1, 2, 3, 5, 8 and 10 shots.
F.1 Span Level Tagging Prompts
F.1.1 SUBJECT Identification
You are a legal assistant. I will show you a paragraph
of law. Which entities gains powers, restrictions or
responsibilities under this law? NOT which entities are
used to test the law, or which entities are affected. In
other words, what entity is the SUBJECT of the law? It
might not aren’t always explicit, and sometimes can be
expressed passively. Restrict your choices to an entity
mentioned in the law OR ""passive voice entity"", if the
entity is not explicitly mentioned in the text. Enumerate
all instances of the entity in the text, even if repeated.
If there is no entity that matches this description in the
text, including ""passive voice entity"", say ""no entity"". If
there are multiple segments of text in the law that apply,
31e.g. Amazon DynamoDB – https://aws.amazon
.com/dynamodb/
join them with a semi-colon. The order of text spans
does NOT matter. Do NOT say anything else."" I will
give you 1 examples, and then you will perform the task
yourself.
EXAMPLE: Law: ""* 71. Special population census.
The expenses incurred by a county, city, town, or village
to conduct a special population census supervised by
the United States bureau of the census pursuant to a
contract made pursuant to section twenty of the general
municipal law, three years."" Answer: ""no entity""
NOW IT’S YOUR TURN:
Law: ""If a vacancy as described in subdivision (d)(1)
occurs after the sixth Thursday before the primary elec￾tion in any county having a metropolitan form of gov￾ernment with a population of more than five hundred
thousand (500,000), according to the 2010 federal cen￾sus or any subsequent federal census, then the members
of the county executive committees who represent the
precincts composing such senate district may nominate
a candidate to appear on the November election ballot
by any method authorized under the rules of the party.""
Answer:
»> vacancy as described in subdivision (d)(1); mem￾bers of the county executive committees
F.1.2 EXCEPTION Identification
You are a legal assistant. I will show you a paragraph
of law. What are exception cases when this law does
not apply? Restrict your answer to text in the law. Join
non-contiguous segments of text with a semi-colon. If
there are no exception cases where this law does not
apply, say ""none"". If there are multiple segments of
text in the law that apply, join them with a semi-colon.
The order of text spans does NOT matter. Do NOT say
anything else."" I will give you 1 examples, and then you
will perform the task yourself.
EXAMPLE: Law: ""Notwithstanding subdivision
(b)(1), in counties having a population of not less than
seventeen thousand two hundred fifty (17,250) nor more
than seventeen thousand five hundred fifty (17,550), ac￾cording to the 1990 federal census or any subsequent
federal census, the budget committee shall be composed
of six (6) members."" Answer: ""none""
NOW IT’S YOUR TURN:
Law: ""In counties having a population of not less than
three hundred nineteen thousand six hundred twenty￾five (319,625) nor more than three hundred nineteen
thousand seven hundred twenty-five (319,725), accord￾ing to the 1980 federal census or any subsequent federal
census, a library board of not less than seven (7) mem￾bers nor more than nine (9) members may be appointed
by the county legislative body and city governing bod￾ies which are parties to the agreement, the number ap￾pointed by each to be determined according to the ratio
of population in each participating city and in the county
outside the city or cities, based on the most recent fed￾eral census; provided, that each shall appoint at least
one (1) member."" Answer:
8551
Figure 7: A flow-based sitemap for our website, statecensuslaws.org, with some details about the back-end
and database setup. The left-column shows Flow 1, where a user can search and view full-text results. The
right-column shows Flow 2, where a user can view top law-discourse spans and see all laws these spans are used in.
Each flow leads to the annotation framework.
»> provided, that each shall appoint at least one (1)
member
F.1.3 TEST Identification
You are a legal assistant. I will show you a paragraph
of law. Under what conditions does this law apply? In
other words, what test is implied by the law? Restrict
your answer to text in the law. Join non-contiguous
segments of text with a semi-colon. If there are no
conditions for this law to apply explicitly stated in the
text, say ""none"". If there are multiple segments of text
in the law that apply, join them with a semi-colon. The
order of text spans does NOT matter. Do NOT say
anything else."" I will give you 1 examples, and then you
will perform the task yourself.
EXAMPLE: Law: ""(iii) Notwithstanding the forego￾ing, local governments and voluntary agencies shall be
granted state aid of one hundred percent of the net oper￾ating costs expended by such localities and by voluntary
agencies pursuant to contracts with such local govern￾ments or with the office of alcoholism and substance
abuse services for alcohol crisis centers, chemical de￾pendency programs for youth, residential services for
recovering alcoholics and substance abusers and for al￾coholism AIDS coordinators. Such state aid may also be
granted to programs transferred from the task force on
integrated projects for youth and chemical dependency.
Such state aid shall also be granted for non-residential
services determined to be necessary to serve the public
interest by the commissioner of alcoholism and sub￾stance abuse services provided by local governments
having a population of one hundred twenty-five thou￾sand or less as determined by the last preceding federal
census, or by voluntary agencies pursuant to contracts
with such local governments."" Answer: ""determined to
be necessary to serve the public interest by the com￾missioner of alcoholism and substance abuse services;
provided by; having a population of one hundred twenty￾five thousand or less as determined by the last preceding
federal census; pursuant to contracts with; with; trans￾ferred from the task force on integrated projects for
youth and chemical dependency""
NOW IT’S YOUR TURN:
Law: ""(2) If two or more counties included in the
measure are required to prepare a translation of ballot
8552
Figure 8: Training run for ASP. NLL loss is shown on
the y-axis. The ASP model is learning across epochs, it
likely does not have enough data to fully distinguish the
embedding space for jointly modeled task.
materials into the same language other than English,
the county that contains the largest population, as de￾termined by the most recent federal decennial census,
among those counties that are required to prepare a
translation of ballot materials into the same language
other than English shall prepare the translation, or au￾thorize the authority to prepare the translation, and that
translation shall be used by the other county or counties,
as applicable."" Answer:
»> are required to prepare a translation of ballot ma￾terials into the same language other than English; that
contains the largest population, as determined by the
most recent federal decennial census; among those coun￾ties that are required to prepare a translation of ballot
materials into the same language other than English
F.1.4 OBJECT Identification
You are a legal assistant. I will show you a paragraph of
law. Which entities are affected by the powers of this
law? NOT which entities gain powers, but who is af￾fected by those in power? In other words, what entity is
the object of the law? It might not aren’t always explicit,
and sometimes can be expressed passively. Restrict your
choices to an entity mentioned in the law OR ""passive
voice entity"", if the entity is not explicitly mentioned
in the text. Enumerate all instances of the entity in the
text, even if repeated. If there is no entity that matches
this description in the text, including ""passive voice en￾tity"", say ""no entity"". If there are multiple segments of
text in the law that apply, join them with a semi-colon.
The order of text spans does NOT matter. Do NOT say
anything else."" I will give you 1 examples, and then you
will perform the task yourself.
EXAMPLE: Law: ""This subsection (b) applies only
to counties with a metropolitan form of government and
to counties having the following populations according
to the 1970 federal census or any subsequent federal
census:"" Answer: ""no entity""
NOW IT’S YOUR TURN:
Law: ""An authority shall not initiate any redevelop￾ment project under this chapter until the governing body,
or agency designated by it or empowered by law so to
act, of each city or town, herein called “municipalities,”
and any county having a population of not less than two
hundred seventy-five thousand (275,000) nor more than
three hundred twenty-five thousand (325,000), accord￾ing to the 1980 federal census or any subsequent federal
census, in which any of the area to be covered by the
project is situated, has approved a plan, herein called
the “redevelopment plan”, which provides an outline
for the development or redevelopment of the area and is
sufficiently complete, to:"" Answer:
»> any redevelopment project under this chapter
F.1.5 PROBE Identification
You are a legal assistant. I will show you a paragraph
of law. Which entities are used to determine when this
law applies? NOT which entities gain powers, OR is
affected by the law. In other words, which entities are
probed by the law? Restrict your answer to text in the
law. Join non-contiguous segments of text with a semi￾colon. If there is no entity that matches this description
in the text, including ""passive voice entity"", say ""no
entity"". If there are multiple segments of text in the
law that apply, join them with a semi-colon. The order
of text spans does NOT matter. Do NOT say anything
else."" I will give you 1 examples, and then you will
perform the task yourself.
EXAMPLE: Law: ""2. The commissioner is autho￾rized to contract to make a state grant, within the limit
of appropriation therefor, to any planning unit for up
to ninety percent of the costs to prepare, update or re￾vise its local solid waste management plan; provided,
however, that no such grant has been previously made
to a planning unit which is a part of or is served by the
planning unit seeking such grant. A planning unit may
receive a grant pursuant to this subdivision which shall
not exceed the greater of twenty-five thousand dollars or
one dollar for each resident of the planning unit, based
upon the current federal decennial census."" Answer: ""no
such grant; a planning unit; the planning unit""
NOW IT’S YOUR TURN:
Law: ""Such functions may also be delegated by the
municipality to any not-for-profit corporation acting for
or on behalf of such municipality; provided, that, ex￾cept in any county with a metropolitan form of govern￾ment and having a population of four hundred thousand
(400,000) or more, according to the 1980 federal census
or any subsequent federal census, the site selection for
an energy production facility may be delegated to any
such not-for-profit corporation, but shall be subject to
the approval by a two-thirds ( 2/3 ) vote of the legislative
8553
bodies of the city and the county in which such city is
located for whom or on whose behalf such not-for-profit
corporation is acting prior to the purchase of any such
site."" Answer:
»> any county
F.1.6 CONSEQUENCE Identification
You are a legal assistant. I will show you a paragraph
of law. What are the powers or obligations granted
by this law? In other words, what is the law’s conse￾quence? Restrict your answer to text in the law. Join
non-contiguous segments of text with a semi-colon. If
there are no powers or obligations explicity stated in
the text, say ""none"". If there are multiple segments of
text in the law that apply, join them with a semi-colon.
The order of text spans does NOT matter. Do NOT say
anything else."" I will give you 1 examples, and then you
will perform the task yourself.
EXAMPLE: Law: ""After January 1, 1980, with re￾spect to the construction, purchase, or lease of build￾ings which are located or will be located in a standard
metropolitan statistical area (SMSA) with a population
of 250,000 or more according to the most recent decen￾nial census, which is served by a public transit operator,
as defined in Section 99210 of the Public Utilities Code,
the board shall give consideration to the location of
existing public transit corridors, as defined in Section
50093.5 of the Health and Safety Code, for the area.
Construction, purchase, or lease of buildings at loca￾tions outside of existing public transit corridors may be
approved after the board has determined: (1) the pur￾pose of the facility does not require transit access; or
(2) it is not feasible to locate the facility in an existing
transit corridor; or (3) the transit operator will provide
service as needed to effectively serve the facility. The
board may request the assistance of the transit operator
in making its determination and shall notify the opera￾tor of its decision."" Answer: ""may be approved; shall
give consideration to; may request the assistance of; in
making its determination; shall notify; of its decision""
NOW IT’S YOUR TURN:
Law: ""This part only applies in those counties with a
metropolitan form of government and in those counties
with a population according to the 1970 federal census
or any subsequent federal census of:"" Answer:
»> applies
F.2 Relation Identification Prompts
The following prompts were used for the Relation Iden￾tification task, which was aimed at identifying whether
a relation existed between two spans.
F.2.1 Relation Identification Prompts without
Definitions
You are a legal assistant. I will show you a paragraph
of law. Do these two spans of text directly relate to
each other in the passage? ""Relate"" in this case means
that they directly modify or apply to each other in the
context of the law. Answer with ""yes"" or ""no"". Do NOT
say anything else."" I will give you 1 examples, and then
you will perform the task yourself.
EXAMPLE: Law: ""The provisions of this part rela￾tive to “regional historic zoning commissioners” shall
not apply in any county having a metropolitan form of
government and having a population of not less than
four hundred thousand (400,000) nor more than five hun￾dred thousand (500,000), according to the 1980 federal
census or any subsequent federal census."" Text span 1:
""provisions of this part"" Text span 2: ""shall not apply""
Answer: ""Yes""
NOW IT’S YOUR TURN:
Law: ""If the court that had original jurisdiction was
a county court or is a court that no longer exists, the
chancery court for the county in which such court was
established shall have jurisdiction to hear the motion,
in addition to the circuit or chancery courts in counties
with a population of one hundred thousand (100,000) or
more, as established by the 1990 federal census or any
subsequent census."" Text span 1: ""chancery court"" Text
span 2: ""shall have jurisdiction to hear"" Answer: » Yes
F.2.2 Relation Identification Prompts with
Definitions
You are a legal assistant. I will show you a paragraph
of law. Do these two spans of text directly relate to
each other in the passage? ""Relate"" in this case means
that they directly modify or apply to each other in the
context of the law. Answer with ""yes"" or ""no"". Do NOT
say anything else."" I will give you 1 examples, and then
you will perform the task yourself.
EXAMPLE: Law: ""In addition to the powers granted
in this chapter, any metropolitan government or leg￾islative bodies of municipalities, acting jointly, in any
county having a population in excess of eight hundred
thousand (800,000), according to the 1990 federal cen￾sus or any subsequent federal census, is authorized
to aid or otherwise provide assistance to an authority
created pursuant to the provisions of this chapter by
such metropolitan government or municipalities, act￾ing jointly, in any county having a population in ex￾cess of eight hundred thousand (800,000), according
to the 1990 federal census or any subsequent federal
census, by entering into contracts with any other party
in furtherance of the purposes of this chapter, for such
term or terms and upon such conditions as may be de￾termined by the governing body of such metropolitan
government or legislative bodies of municipalities, act￾ing jointly, in any county having a population in excess
of eight hundred thousand (800,000), according to the
1990 federal census or any subsequent federal census.""
Text span 1: ""as may be determined by"" This span is a
""Consequence"", meaning it is a power or responsibility
bestowed upon an entity under a law. Text span 2: ""
the governing body"" This span is a ""Subject"", mean￾ing it is an entity given powers or responsibilities if the
conditions in the law are met. Answer: ""No""
NOW IT’S YOUR TURN:
Law: ""(a) Following each federal decennial census,
8554
and using that census as a basis, the board shall adjust
the boundaries of any or all of the supervisorial districts
of the county so that the supervisorial districts shall
be substantially equal in population as required by the
United States Constitution."" Text span 1: ""of any or all
of the supervisorial districts of the county"" This span
is a ""Class"", meaning it is a modifier affecting another
entity in the law. Text span 2: "" the board"" This span
is a ""Subject"", meaning it is an entity given powers
or responsibilities if the conditions in the law are met.
Answer:
» ""No""
F.2.3 Relation Classification Prompts
The following prompts were used for the Relation Clas￾sification task, which was aimed at assigning a relation
label, r ∈ R, ϵ, given two spans.
F.2.4 Relation Classification Prompts without
Definitions
You are a legal assistant. I will show you a paragraph
of law. How do these two phrases in the folllowing law
text relate to each other? ""Relate"" in this case means
that they directly modify or apply to each other in the
context of the law. Select with one of the following
options: [’Same Entity’, ’Or’, ’Continuation’, ’And’,
’Followed By’, ’No Relation’]. Do NOT say anything
else."" I will give you 1 examples, and then you will
perform the task yourself.
EXAMPLE: Law: ""17. Citizens advisory commit￾tee on capital improvements. The town board of any
town having a population of five thousand or more as
shown by the latest federal census, by resolution may
appoint a committee of citizens to act in an advisory
capacity to the town board on the planning, construction,
reconstruction, undertaking or acquisition of capital im￾provements. The members of such committee shall
serve without compensation and it shall be the duty of
such advisory committee to meet, consult and advise
with the officers named in the resolution. Such advisory
committee shall have no powers other than advisory.
The town board may authorize the payment of the just
and reasonable actual expenses of the members of such
advisory committee."" Text span 1: ""such advisory com￾mittee"" Text span 2: ""The members"" Answer: ""Same
Entity""
NOW IT’S YOUR TURN:
Law: ""* § 421-h. Exemption of capital improvements
to multiple dwelling buildings within certain cities. 1.
Multiple dwelling buildings, reconstructed, altered, con￾verted back to an owner occupied single family dwelling
or any owner occupied multiple dwelling located in any
city having a population of more than twenty-two thou￾sand inhabitants but less than twenty-three thousand
inhabitants, determined in accordance with the latest
federal decennial census, that is reduced to at most two
units by such reconstruction subsequent to the effective
date of a local law pursuant to this section shall be ex￾empt from taxation and special ad valorem levies to the
extent provided hereinafter. After a public hearing, the
governing board of such city may adopt a local law to
grant the exemption authorized pursuant to this section.
A copy of such local law shall be filed with the com￾missioner and the assessor of such city who prepares
the assessment roll on which the taxes of such city are
levied."" Text span 1: ""shall be exempt from"" Text span
2: ""to the extent provided hereinafter"" Answer: > Same
Entity
F.2.5 Relation Classification Prompts with
Definitions
You are a legal assistant. I will show you a paragraph
of law. How do these two phrases in the folllowing law
text relate to each other? ""Relate"" here means that they
directly modify or apply to each other in the context of
the law. These relations are between spans of type:
Subject: is an entity given powers or responsibilities
if the conditions in the law are met Subject: is an entity
given powers or responsibilities if the conditions in the
law are met.
Select ONE of the following relations from this list:
[’Same Entity’, ’Or’, ’Continuation’, ’And’, ’No Rela￾tion’]. Here are definitions for each of these relations:
""Same Entity"": When two spans of text refer to the
same entity. ""Or"": Either two predicates or entities are
mentioned in the law, but when only one needs to be
passed (in the case of a predicate), or only one entity
is affected. ""Continuation"": When two text spans refer
to the same entity or predicate, but are split by another
text span. ""And"": Two predicates or entities are being
compared, and both conditions must pass for the law to
apply. ""No Relation"": The spans are not related.
Do NOT say anything else.
I will give you 1 examples, and then you will perform
the task yourself.
EXAMPLE: Law: ""2. (a) The town board of every
town may establish the office of town attorney or town
engineer, or both. If the town board shall so establish
the office of town attorney or town engineer, or both, it
shall fix the salary of such officer or officers. In addition,
the town board of any such town may employ counsel
to the town attorney in respect to any particular subject
matter, proceeding or litigation, or it may employ such
expert engineering service in respect to any particular
subject matter, improvement or proceeding, as it may
necessarily require. A town of the first class shall have
the authority to appoint such deputies in the offices of
the town attorney and town engineer as may be provided
by resolution of such board and fix the salaries therefor.
A town of the second class having a population of over
seventy-five thousand according to the latest federal
census or state enumeration shall have the authority to
appoint such deputies in the office of the town attorney
as may be provided by resolution of such board and fix
the salaries therefor. The terms of such offices shall be
indefinite and the appointees thereto shall be removable
at the pleasure of the town board."" Text span 1: ""The
8555
town board of every town"" Text span 2: ""town board""
Answer: ""Same Entity""
NOW IT’S YOUR TURN:
Law: ""The county superintendent of schools of the
transferring county shall furnish the county superinten￾dent of schools of the accepting county with a certified
copy of the last school census of the different school
districts in the territory which is transferred, and the
superintendent of the transferring county shall draw a
warrant on the treasurer of the transferring county in
favor of the treasurer of the accepting county for all
the money that is or may be due from the transferring
county by any apportionment or otherwise to the differ￾ent school districts embraced in the accepting county.""
Text span 1: ""the superintendent"" Text span 2: ""county
superintendent of schools"" Answer: » Same entity
8556
Discourse Unit Example
SUBJECT clerk and master
legislative body
any person
the board of mayor and aldermen
“Club”
OBJECT the library and recreational facilities.
to the electors of the county
presiding officer
the property owners
the tenants and their property and the safety and the protection of the premises.
TEST having a population of not less than eight hundred twenty-five thousand (825,000) nor more
than eight hundred thirty thousand (830,000)...
upon adoption of a resolution by a two-thirds ( 2/3 ) vote of the county legislative body
authorizing the county trustee to collect delinquent property taxes as provided in this subsection
who owns real property situated within the corporate limits of such municipality
upon entering an order finding it in the best interest of judicial efficiency
in areas of historical significance to a locality, the county and the state
CONS. shall, upon collection of state fines and costs, remit such fines and costs to
may be levied
be governed by
shall make eligible for the waiver
be paid from the same fund used for maintaining and operating the county free library.
EXCEPTION wherever its disapproval of a redevelopment project has been dissolved as prescribed by
contracting with other counties and/or cities for joint operation of a free public library
except the clerk of the supreme court and chief deputy clerks of the supreme court
provided, that each shall appoint at least one (1) member
unless the board of supervisors of the county shall, by resolution, provide for fees in excess of
that amount
PROBE county
enrolled member and spouse
city in Canada
an enrolled member of an incorporated volunteer fire company, fire department or incorporated
voluntary ambulance service
private acts of the state
CLASS the superior [court] for such county
general sessions court [clerk]
[the legislative body] of the municipality.
the mental health [court]
[the commissioner] of mental health,
DEFINITION shall be determined by the last federal decennial or local special population census...
is the same proportion of the total population of the district as each of the other areas.
that is the sum of the county public hospital health system’s gross inpatient revenue
shall include The Municipality of Metropolitan Toronto and any other similar corporation in
Canada
means any regular and full-time employee of a county with a metropolitan government
Table 8: Example spans from each discourse type in our annotated dataset.
8557
Source Span Target Span Permissible Relations
OBJECT CLASS hasProperty
OBJECT continuation, And, Or, sameEntity, By, To
CONSEQUENCE entityEmpoweredTo, entityRequiredTo
TEST entityTested
DEFINITION definedAs
SUBJECT sameEntity, And, Or, Of
SUBJECT CLASS hasProperty
OBJECT continuation, And, Or, sameEntity
CONSEQUENCE entityEmpoweredTo, entityRequiredTo
TEST entityTested
DEFINITION isDefinedAs
SUBJECT sameEntity, And, Or, Of
TEST CONSEQUENCE conditionalConsequence
TEST continuation, And, Or, followedBy
SUBJECT testConcerns
PROBE testConcerns
EXCEPTION exceptedBy
CONSEQUENCE CLASS hasProperty
OBJECT Affects, comparison
CONSEQUENCE continuation, And, Or, followedBy
TEST conditionedBy
DEFINITION Affects
SUBJECT Affects, comparison
EXCEPTION conditionedBy
CLASS CLASS continuation, And, Or, sameClass
OBJECT propertyOf
DEFINITION definedAs
SUBJECT propertyOf
PROBE propertyOf
EXCEPTION OBJECT excepts
CONSEQUENCE excepts
TEST excepts
SUBJECT excepts
PROBE excepts
EXCEPTION excepts, continuation, And, Or
PROBE CLASS hasProperty
TEST entityTested
PROBE sameEntity, And, Or, Of
DEFINITION CLASS defines
OBJECT defines
DEFINITION continuation
SUBJECT defines
PROBE defines
Table 9: All possible relations between discourse units identified in our span-tagging process.
8558
SUBJECT CONSEQUENCE OBJECT
P R F1 P R F1 P R F1
0-shot 39.5 30.5 34.4 12.5 7.9 9.7 13.9 15.7 14.8
3-shot 32.1 31.3 31.7 22.4 24.3 23.3 18.3 23.1 20.4
5-shot 27.9 34.1 30.7 23.2 25.1 24.1 13.9 18.4 15.9
8-shot 27.4 32.5 29.7 21.6 25.5 23.4 13.4 19.2 15.8
fine-tuned 41.2 43.1 42.1 51.0 48.8 49.9 38.8 33.3 35.9
Table 10: Precision, Recall and F1 for the first three discourse tags we studied.
PROBE TEST EXCEPTION
P R F1 P R F1 P R F1
0-shot 11.3 16.7 13.4 42.8 30.2 35.4 53.3 56.1 54.7
3-shot 23.2 36.0 28.2 45.0 42.8 43.9 45.0 47.4 46.2
5-shot 26.7 36.4 30.8 48.8 50.9 49.8 41.8 49.1 45.2
8-shot 29.1 39.6 33.5 46.7 50.2 48.4 51.6 56.1 53.8
fine-tuned 38.8 31.7 34.9 55.2 51.1 53.0 51.5 61.4 56.0
Table 11: Precision, Recall and F1 for the last three discourse tags we studied.
Macro Micro
P R F1 P R F1
0-shot 28.9 26.2 27.1 25.0 21.4 22.7
3-shot 31.0 34.2 32.3 28.8 32.1 30.1
5-shot 30.4 35.7 32.8 28.6 33.6 30.8
8-shot 31.6 37.2 34.1 28.5 34.2 31.0
fine-tuned 46.1 44.9 45.3 45.6 43.3 44.3
Table 12: Macro-average and Micro-averaged Precision, Recall and F1 for all discourse tags we studied.
8559",https://aclanthology.org/2024.naacl-long.472.pdf
Sentence Boundary Detection in Adjudicatory Decisions in the United States,"We report results of an effort to enable computers to segment US adjudicatory decisions into sentences. We created a data set of 80 court decisions from four different domains. We show that legal decisions are more challenging for existing sentence boundary detection systems than for non-legal texts. Existing sentence boundary detection systems are based on a number of assumptions that do not hold for legal texts, hence their performance is impaired. We show that a general statistical sequence labeling model is capable of learning the definition more efficiently. We have trained a number of conditional random fields models that outperform the traditional sentence boundary detection systems when applied to adjudicatory decisions.","Sentence Boundary Detection in
Adjudicatory Decisions in the United States
Jaromir Savelka* — Vern R. Walker** — Matthias Grabmair*** —
Kevin D. Ashley*
* University of Pittsburgh
** Hofstra University
*** Carnegie Mellon University
ABSTRACT. We report results of an effort to enable computers to segment US adjudicatory deci￾sions into sentences. We created a data set of 80 court decisions from four different domains.
We show that legal decisions are more challenging for existing sentence boundary detection
systems than for non-legal texts. Existing sentence boundary detection systems are based on a
number of assumptions that do not hold for legal texts, hence their performance is impaired.
We show that a general statistical sequence labeling model is capable of learning the definition
more efficiently. We have trained a number of conditional random fields models that outperform
the traditional sentence boundary detection systems when applied to adjudicatory decisions.
RÉSUMÉ. Nous présentons les résultats d’un effort visant à permettre aux ordinateurs de seg￾menter les décisions arbitrales des États-Unis en phrases. Nous avons créé un ensemble de don￾nées de 80 décisions de justice de quatre domaines différents. Nous montrons que les décisions
juridiques sont plus difficiles pour les systèmes de détection des limites de peines existantes
que pour les textes non juridiques. Les systèmes existants de détection des limites de phrases
sont basés sur un certain nombre d’hypothèses qui ne sont pas valables pour les textes légaux,
leur performance en est donc altérée. Nous montrons qu’un modèle général d’étiquetage de
séquence statistique est capable d’apprendre la définition plus efficacement. Nous avons formé
un certain nombre de modèles de champs aléatoires conditionnels qui surpassent les systèmes
traditionnels de détection des limites de la peine lorsqu’ils sont appliqués aux décisions juri￾dictionnelles.
KEYWORDS: Artificial intelligence and Law, text annotation, sentence boundary detection, con￾ditional random fields, adjudicatory decisions.
MOTS-CLÉS : Intelligence artificielle et loi, annotation de texte, détection de limites de phrases,
champs aléatoires conditionnels, décisions juridictionnelles.
TAL. Volume 58 – n◦
2/2017, pages 21 à 45
22 TAL. Volume 58 – n◦
2/2017
1. Introduction
This paper reports results of an effort to enable computers to learn to extract a
particular kind of information from legal texts that human readers take for granted:
segmenting the texts into sentences that express complete thoughts.
Adjudicatory decisions from the US legal system pose challenges to standard NLP
techniques for sentence boundary detection (SBD). Decision makers frequently em￾ploy long sentences, complex sentence structures, quotations, citations, and extensive
use of parentheses. Citations and lists introduce ambiguities in the meaning of punctu￾ation by using periods and colons that complicate the decision of whether a sentence
has ended or not. Researchers have noted that lists, with their use of colons and
periods in enumerations and of citations, and their combinations of punctuation and
alpha-numeric characters, make it harder to tokenize (regulatory) texts and split them
into sentences (Wyner and Peters, 2011). De Maat and Winkels (2009) observed that
lists degraded the performance of their sentence classifier.
SBD is a critical task in many applications such as machine translation, summa￾rization, or information retrieval. Presumably, problems in automatically segmenting
legal texts into sentences have implications for applying text processing pipelines. Er￾rors in SBD can propagate through higher-level text processing tasks, lowering overall
performance. SBD errors are particularly problematic for semantic processing of le￾gal texts that focuses on identifying the inferential roles that sentences play, such as
stating legal rules, findings of fact, or a court’s conclusion of law. Suboptimal SBD
will likely negatively affect the ultimate applications.
We have developed a detailed protocol setting forth guidelines for annotating sen￾tence boundaries in legal decisions. We annotated a data set of 80 court decisions
from four domains: cyber-crime decisions, intellectual property decisions, the Board
of Veterans’ Appeals disability decisions, and decisions of the United States Supreme
Court. The complete data set contains more than 26,000 annotations (Section 4) and
it is publicly available. 1
We use the data sets to confirm that legal decisions are more challenging for exist￾ing SBD systems than the texts to which they are typically applied (i.e., news articles,
short essays). We show that, if the systems are allowed to account for the peculiar￾ities of legal decisions, their performance improves (i.e., if the systems are trained
on our data sets). Most importantly, we explain that legal decisions require far more
complicated definitions as to what constitutes a sentence compared to other textual
data typically used in SBD work. Existing SBD systems are based on a number of
assumptions that do not hold for legal text, hence their performance is impaired. We
show that a general statistical sequence labeling model, such as conditional random
fields (CRF), is capable of learning the definition more efficiently and can significantly
outperform the traditional SBD systems in adjudicatory decisions.
1. https://github.com/jsavelka/sbd_adjudicatory_dec
SBD in Adjudicatory Decisions in US 23
2. Sentence Boundary Detection
The goal in sentence boundary detection is to split a natural language text into
individual sentences (i.e., identify each sentence’s boundaries). We begin with a stan￾dard definition of “sentence” from linguistic theory dealing with written linguistic
structures. A sentence is a span of characters consisting of one or more words that
are grammatically linked, and which is capable of expressing (at least implicitly) a
complete thought. Sentences might express a declarative statement, a question, an
exclamation, a request, a command, or a suggestion. A declarative sentence, for ex￾ample, is an autonomous information unit that is capable of being true or false in a
given situation or circumstance (Chierchia and McConnell-Ginet, 2001).
A sentence that explicitly expresses its complete thought typically contains a gram￾matical subject and a grammatical predicate. The grammatical subject is typically a
noun phrase (a group of words that are in dependency relations with a single noun),
and refers to the person, place, or thing (including abstract things) that the sentence is
about. The grammatical predicate is typically a verb phrase (a group of words that are
in dependency relations with a single verb, which in turn refers to an action, process
or state). The predicate completes the information about the subject. An example of a
normal sentence structure is “The veteran filed a claim for disability benefits,” where
“the veteran” is the grammatical subject and “filed a claim for disability benefits” is
the grammatical predicate.
Not all sentences are as explicit in expressing their complete thoughts. An ex￾ample of a one-word sentence with implicit meaning is “Yes” when it is an answer
to the interrogative sentence “Did you seek medical attention for your condition?” In
context, the sentence “Yes” has the same meaning as the explicit sentence “I did seek
medical attention for my condition.” In Section 3, we discuss other implicit sentence
structures (e.g., headings and data fields).
In English, the boundary character that starts a sentence is typically an initial cap￾ital letter in the first word of the sentence (i.e., the first character within the span of
characters constituting a sentence is a capital letter). Punctuation at the end of the
sentence is typically the end character of the sentence span. Sentences in English typ￾ically end with one of three punctuation characters: a period (also called a “full stop”),
a question mark, and an exclamation mark. In the case where a sentence is enclosed
in quotation marks (either single or double), then the quotation marks are included
within the sentence boundaries. Similarly, if parentheses (or other brackets) enclose a
sentence, then the parentheses are included within the sentence boundaries. However,
no annotation span for a sentence should start or end with a white space.
Typically, SBD is operationalized as a binary classification of a fixed number of
candidate boundary points (e.g., “.”, “!”, “?”). For more details see Read et al. (2012).
Approaches to SBD roughly fall into three categories:
1) Rules – A battery of hand-crafted matching rules is applied. The rules may look
like the following:
24 TAL. Volume 58 – n◦
2/2017
IF “!” OR “?” MATCHED → MARK AS BOUND
(every time there is a “!” or “?” the system should consider it a boundary)
IF “<EOL><EOL>” MATCHED → MARK AS BOUND
(a boundary should be predicted every time the system encounters two consecutive
line breaks)
2) Supervised Machine Learning (ML) – For each triggering event, decide if it
is an instance of sentence boundary. Each event is represented in terms of selected
features such as the following:
xi =< 0:token=“.”, 0:isTrigger=1, -1:token=“Mr”,-1:isAbbr=1, 1:token=“Lange” >
Given the labels yi ∈ {0, 1} the supervised classifier is a function f(xi) → yi
.
Consider the following example:
In this case, there is no question that the information Mr. Lange offered for
sale was a trade secret.
The period after “Mr” is a triggering event but a system can learn that if a pe￾riod follows an abbreviation then a sentence boundary should be predicted only if
the following word starts with a capital letter. Unfortunately this would not work in
our example. In addition the system would have to learn that “Mr” is almost always
followed by a period and that it almost never ends a sentence. Therefore, the period
would not be predicted as a sentence ending token.
3) Unsupervised ML – Similar to supervised ML approach but the system is trained
on unlabeled data. The system can, for example, recognize that “Mr” is always fol￾lowed by a period and therefore it is probably an abbreviation which most of the time
does not end a sentence.
Multiple SBD systems were reported as having an excellent performance (Read
et al., 2012):
– 99.8% accuracy of a decision tree-based classifier in predicting “.” as ending (or
not) a sentence evaluated on the Brown corpus (Riley, 1989)
– 99.5% accuracy of a combination of an original system based on neural networks
and decision trees with and existing system (Aberdeen et al., 1995) evaluated on the
Wall Street Journal corpus (WSJ) (Palmer and Hearst, 1997)
– 99.75% (WSJ) and 99.64% (Brown) accuracy of a maximum entropy model in
assessing “.”, “!”, and “?” (Reynar and Ratnaparkhi, 1997)
– 99.69% (WSJ) and 99.8% (Brown) accuracy of a rule-based sentence splitter
combined with a supervised POS-tagger (Mikheev, 2002)
– 98.35% (WSJ) and 98.98% (Brown) accuracy of an unsupervised system based
on identification of abbreviations (Kiss and Strunk, 2006)
Read et al. (2012) conducted a study of SBD systems performance across different
corpora and report more modest results ranging from 95.0% to 97.6% for different
systems. Also, they tested the systems on corpora of user-generated web content. The
performance of the SBD systems deteriorated for these corpora where the accuracy
often falls in the lower nineties. (Read et al., 2012)
SBD in Adjudicatory Decisions in US 25
3. Detecting Sentence Boundaries in US Adjudicatory Decisions
Adjudicatory decisions, whether issued by a court or by an administrative tribunal,
determine whether a party’s conduct conforms to the applicable legal norms, and can
impose sanctions or order other remedies when the party has violated those norms.
Written adjudicatory decisions are more challenging for SBD than news articles—the
traditional subject of interest in developing SBD systems. Whereas news articles are
generally short texts, a decision may be short but it may also be as long as a book.
A decision may be structured into sections and subsections preceded by a heading
(possibly numbered). A decision may contain specific constituents such as a header
and a footer, footnotes, or lists. Sentences are interleaved with citations. The sentences
themselves may be extremely long, or even partially spread across lists. In decisions
there is a high usage of sentence organizers such as “;”, or “—” and multiple types of
brackets. Quotes are frequent and possibly nested.
Consider the following passage from a decision, which contains one long and com￾plex sentence followed by a citation sentence in parentheses:
As used in the statute, “‘act in furtherance of a person’s right of petition
or free speech under the United States or California Constitution in con￾nection with a public issue’ includes: (1) any written or oral statement
or writing made before a legislative, executive, or judicial proceeding, or
any other official proceeding authorized by law; (2) any written or oral
statement or writing made in connection with an issue under considera￾tion or review by a legislative, executive, or judicial body, or any other
official proceeding authorized by law; (3) any written or oral statement or
writing made in a place open to the public or a public forum in connection
with an issue of public interest; (4) or any other conduct in furtherance
of the exercise of the constitutional right of petition or the constitutional
right of free speech in connection with a public issue or an issue of public
interest.” (§425.16, subd. (e), italics added; see Briggs v. Eden Council
for Hope & Opportunity (1999) 19 Cal. 4th 1106, 1117-1118, 1123 [81
Cal.Rptr.2d 471, 969 P.2d 564] [discussing types of statements covered
by anti-SLAPP statute].)
The first sentence contains a quotation (which in turn contains a second, nested quota￾tion) organized as a list, and it is followed by a sentence of citations and their captions.
This text is very challenging for an SBD system because it spans across many trigger￾ing events that are not sentence boundaries. The second sentence is a citation and
illustrates the occurrence of periods that are not sentence-ending (a common occur￾rence in adjudicatory decisions). The period character’s common use as a sentence
boundary can cause extensive segmentation errors in such decisions because it is used
copiously for other purposes (e.g., abbreviations or citations).
In annotating adjudicatory texts for sentence boundaries, therefore, it is impor￾tant to ensure that the annotations provide reliable and valid data. In order to ensure
this, the authors adapted and used the protocol for sentence annotation developed by
26 TAL. Volume 58 – n◦
2/2017
the Research Laboratory for Law, Logic and Technology (LLT Lab) at the Maurice
A. Deane School of Law at Hofstra University. 2 Such annotation protocols provide
methods and criteria for manually annotating texts, and a set of conventions governing
the generation of annotation data. Protocols are developed in two stages. First, from
a sample of documents containing a variety of decisions, examples are collected that
display normal forms of the annotation type, linguistic variants of those normal forms,
and aberrant forms. Second, those examples are used to derive general guidelines, cri￾teria and conventions for manually annotating these types within texts. Protocols are
used not only for manually producing semantic data, but also for assuring the qual￾ity of the coding, for replicating experimental results, and for building separate but
compatible datasets.
For the annotation type “Sentence”, the normal form is a grammatical subject con￾sisting of a noun phrase followed immediately by a grammatical predicate consisting
of a verb phrase - i.e., <grammatical subject noun phrase><grammatical predicate verb
phrase>. The noun phrase and verb phrase can contain subordinate clauses, provided
the sentence as a whole is relatively easy to parse by parts of speech. In general, a
span of characters is a “normal form” of an annotation type if we are highly confident
that it constitutes an annotation of the specified type, and this confidence is based on
some evidence or feature within the span of characters itself (an adequate “linguistic
cue”). Also, a sentence in normal form has a certain fixed format or pattern, which
we find recurring numerous times. Sentences having a normal form should be the
easiest types of sentences for computer software to identify through standard parsing.
Examples of sentences in normal form are:
The Veteran’s chronic adjustment disorder with depressed and anxious
features is related to service.
The Veteran does meet the criteria for a diagnosis of posttraumatic stress
disorder (PTSD).
A disability which is aggravated by a service-connected disability may be
service-connected.
A span of text that is a “linguistic transform” of a normal form is one for which
we are also confident that it constitutes an annotation of the type “Sentence”. This
confidence is based on some linguistic cue or feature within the span of text itself.
However, while a sentence in normal form has a straightforward format or pattern of
<grammatical subject noun phrase><grammatical predicate verb phrase>, a linguistic
transform has a linguistic structure that is in principle transformable into one or more
sentences that do have normal forms. There might be some linguistic rules that would
make it easier for computer software to identify such forms. Examples of linguistic
transforms are:
Consequently, as outlined in a February 2013 Formal Finding, the RO
requested information from the Joint Services Records Research Center
2. https://github.com/jsavelka/sbd_adjudicatory_dec
SBD in Adjudicatory Decisions in US 27
(JSRRC) and the US Army Crime Records Center; however, those sources
provided negative responses for the requested date range.
Establishment of service connection for PTSD in particular requires: (1)
medical evidence diagnosing PTSD; (2) credible supporting evidence that
the claimed in-service stressor actually occurred; and (3) medical ev￾idence of a link between current symptomatology and the claimed in￾service stressor.
See, e.g., Young v. McDonald, 766 F.3d 1348, 1353 (Fed. Cir. 2014)
(“PTSD is not the type of medical condition that lay evidence . . . is
competent and sufficient to identify.”).
Finally, there are spans of text that have a very particular linguistic structure (being
neither normal form nor linguistic transform), but we are still confident that they con￾stitute an instance of the type “Sentence”. This confidence might be based more on the
context than on linguistic cues within the span itself (e.g., co-references with words or
phrases in other sentences, or standard conventions within a type of document). The
following paragraphs discuss certain classes of examples on which we can generalize
for adjudicatory decisions. For each class, because of its distinctive sentence struc￾ture, it would be a rather straightforward to develop more semantic information after
sentence segmentation.
Case names in document titles express a single thought (one named party is suing
another named party), and are best treated as a single sentence. This is true regardless
of how the case name is formatted in a particular document (e.g., spread over several
lines). For example, the following is a single sentence:
SOUNDEXCHANGE, INC. Plaintiff v. MUZAK, LLC Defendant.
Headings are spans of text that we annotate as “sentences” because they provide
information about the organization of the text; they chunk the document into mean￾ingful segments. For example, we understand the heading “FINDINGS OF FACT” as
having a meaning similar to “The sentences in the following section state the findings
of fact of the tribunal.” Other standard headings in adjudicatory documents include:
INTRODUCTION
REASONS AND BASES FOR FINDINGS AND CONCLUSIONS
ORDER
Data fields are spans of text that we annotate as “sentences” because they provide
the name of a data field and a value for that field in the particular document or case.
They implicitly assert the value of the data field. We understand a data field such as
“Decision Date: 03/28/17” as having the same meaning as “This decision was issued
on March 28, 2017.” Other examples are:
Citation Nr: 1710389
DOCKET NO. 12-12 279
Veteran represented by: Veterans of Foreign Wars of the United States
28 TAL. Volume 58 – n◦
2/2017
Page numbers of a reporter service that prints the official version of the adjudi￾catory decision can occur within the text file in one of two ways. First, if they occur
outside of normal sentences, then we annotate them as separate sentences. For exam￾ple, in the passage below, the character sequence “*1163” means “This is where page
1163 begins in the Federal Reporter, Third Series.” This passage therefore contains 3
sentences, the middle one being the sentence “*1163”:
He contends that to do so would be, in effect, to report himself for the new
crime of being found in the country after deportation. *1163 See United
States v. Pina-Jaime, 332 F.3d 609, 612 (9th Cir.2003) (holding that an
alien need not have reentered the United States illegally to be convicted
of being “found in” the country illegally).
Second, a page number could occur embedded within a normal sentence, wherever
the page break happens to fall in the printed version. In such a situation, we do not
split the normal sentence into parts just because a page number happens to occur
inside it. We can deal with the embedded page number in subsequent analyses, after
sentence segmentation. For example, the following is segmented as a single sentence
containing the page number “*1162”:
The record in this case shows no attempt, by either the Probation Officer
or sentencing court, to justify this *1162 sweeping condition.
Ellipses (...) also occur in one of two ways. First, if the ellipsis occurs within a
sentence span and it indicates missing words from within that sentence, then the ellip￾sis should be included within the overall sentence span. For example, the following
is a single sentence that begins a block quotation, and the ellipsis occurs within the
sentence boundaries:
... the conferee’s objective was to limit the grandfather to their existing
services in the same transmission medium and to any new services in a
new transmission medium where only transmissions similar to their exist￾ing service are provided.
Second, if the ellipsis occurs between sentences, then such an ellipsis should be
annotated as a separate sentence. The rationale is that the ellipsis provides coded
information (“Sentences have been deleted”), and should not be parsed within the
complete sentences that precede or follow it. For example, the following passage
contains two ellipses that we annotate as separate sentences (the first ellipsis occurs
after a completed sentence and the other one occurs between paragraphs in the block
quote):
3. The defendant shall comply with the immigration rules and regulations
of the United States, and, if deported from this country, either voluntar￾ily or involuntarily, not reenter the United States illegally. The defendant
is not required to report to the Probation Office while residing out-side
*1157 of the United States; however, within 72 hours of release from any
custody or any reentry to the United States during the period of Cour￾tordered supervision, the defendant shall report for instructions to the
SBD in Adjudicatory Decisions in US 29
United States Probation Office. . . .
. . .
5. The defendant shall not access or possess any computer or computer￾related devices in any manner, or for any purpose, unless approved in
advance by the Probation Officer.
Phrases functioning as complete sentences are annotated as complete sentences,
as though there is an implicit ellipsis. For example, the following is only a noun
phrase, but because it occurs in a list with the heading “ISSUES”, we understand it
to have the same meaning as the sentence “An issue in this case is whether there is
entitlement to service connection for a psychiatric disorder.”:
Entitlement to service connection for a psychiatric disorder.
Parentheticals within sentences occur frequently within adjudicatory decisions in
the United States, especially within citations. We annotate the parenthetical as within
the span of the overall sentence. This is the treatment even if, as occasionally happens,
the parenthetical itself contains one or more separate sentences (i.e., the sentences
within the parentheses are not annotated separately). For example, the following is a
single sentence:
Id. at 576, 128 S. Ct. 558; see also id. at 575, 128 S. Ct. 558 (“The Dis￾trict Court began by properly calculating and considering the advisory
Guidelines range. It then addressed the relevant § 3553(a) factors.”).[6]
Colons as sentence-ending punctuation can sometimes occur as an exception to
the normal presumption that a colon is not sentence-ending punctuation. This one ex￾ceptional situation is when the colon is the last punctuation mark in a paragraph block
of text—i.e., the colon is followed immediately by a line break. A colon is therefore
treated as sentence-ending punctuation if, but only if, it is followed immediately by a
line break.
There are several reasons for making this exception. Although the use of a colon
can be highly stylistic, in general an author uses a colon instead of a period to express
that what goes before the colon is meaningfully related to what comes after – that they
are in effect connected into one thought. That is why the colon is presumptively not
sentence-ending punctuation. However, an author may use a colon followed imme￾diately by a line break to introduce a block quote or an enumerated list of items. In
such a situation, if we do not end the sentence with the colon, there may be no good
place to end it. A block quote might contain multiple sentences or paragraphs. To
include the entire block quote within the boundaries of the sentence that happens to
introduce the quote would leave the block quote unsegmented. Moreover, the intro￾ductory sentence should be parsed separately from the block quote, and may have no
meaning in common with the quote itself. The quoted sentence (or sentences) should
be annotated independently, and parsed separately, without being part of the sentence
that introduces the block quote. Similarly, a stand-alone enumerated list introduced by
a colon followed by a line break should be annotated independently of the introducing
sentence.
30 TAL. Volume 58 – n◦
2/2017
Unfortunately, a colon followed immediately by a line break might separate a
grammatical subject from a list of grammatical verbs, as we sometimes find in quota￾tions from statutory or regulatory texts. The convention we adopt here is a compromise
between the desire to have first-pass segmentation that is as non-semantic as possible
(comparable to tokenization) and the desire to preserve intact all propositional content
in the process of sentence segmentation. We stress that this is a first-pass compromise.
After this initial segmentation into sentences, on subsequent passes we can parse the
spans of text before and after a <colon><line-break> to determine if they are seman￾tically related, and if warranted we can then annotate the entire passage as (also) a
single, overall sentence.
The following are two examples in which the span of the introductory sentence
ends with the colon, because the colon is followed immediately by a line break:
For example, in a June 1977 service personnel record a counselor opined
that:
I have personally interviewed this SM and found him to have a
good attitude towards the Army. However, he has a serious academic
problem.
Accordingly, the case is REMANDED for the following action:
1. When disability ratings and effective dates have been deter￾mined for all service-connected disabilities, to include those granted
herein, and all development that the RO deems necessary is undertaken,
the Veteran’s request for a TDIU should be readjudicated.
Enumerated lists (whether numbered or lettered) require special treatment, and
the treatment depends on whether the list items are themselves sentences or not.
If the list items are themselves sentences (including headings that we annotate as
sentences), then we annotate the list number or letter itself (i.e., the number or letter
of the list item) as itself a sentence, and the sentence that is the list item as another
sentence. The rationale is that we would create problems for machine learning if we
include the list number (e.g., “1.”) as part of the sentence that is the list item. An ML
program should not treat “1.” as part of the sentence it introduces, or try to POS parse
the sentence including the “1.” within the sentence boundaries. Moreover, the “1.”
expresses a thought separate from the sentence it introduces. The numbering of the
list could change, but the role and meaning of each sentence on the list would remain
the same. For example, the following passage consists of five sentences (the heading,
two list numbers, and two sentences that are list items):
FINDINGS OF FACT
1. The Veteran does meet the criteria for a diagnosis of posttraumatic
stress disorder (PTSD).
2. The Veteran’s chronic adjustment disorder with depressed and anxious
features is related to service.
SBD in Adjudicatory Decisions in US 31
If the list items are not themselves sentences, then there is one overall sentence
that includes the list items, and the list numbers or letters occur within that overall
sentence. In such a case, there is only one sentence. For example, the following is a
single sentence containing an enumerated list:
Establishment of service connection for PTSD in particular requires: (1)
medical evidence diagnosing PTSD; (2) credible supporting evidence that
the claimed in-service stressor actually occurred; and (3) medical ev￾idence of a link between current symptomatology and the claimed in￾service stressor.
Although some sentences quoted from statutes and regulations are very long and com￾plex, we follow this same instruction in annotating them (e.g., when we annotate a
block quotation of a statute or regulation that occurs within an adjudicatory decision).
For example, the following consists of two sentences (the first sentence ends with the
colon followed immediately by a line break):
These factors are:
(1) the nature and circumstances of the offense and the history and char￾acteristics of the defendant;
(2) the need for the sentence imposed
(A) to reflect the seriousness of the offense, to promote respect for the law,
and to provide just punishment for the offense;
(B) to afford adequate deterrence to criminal conduct;
(C) to protect the public from further crimes of the defendant; and
(D) to provide the defendant with needed educational or vocational train￾ing, medical care, or other correctional treatment in the most effective
manner;
(3) the kinds of sentences available;
(4) the kinds of sentence and the sentencing range established for . . .
the applicable category of offense committed by the applicable category
of defendant as set forth in the guidelines . . .
(5) any pertinent policy statement . . . issued by the Sentencing Commis￾sion . . . subject to any amendments made to such policy statement by act
of Congress. . . .
(6) the need to avoid unwarranted sentence disparities among defendants
with similar records who have been found guilty of similar conduct; and
(7) the need to provide restitution to any victims of the offense.
Endnotes or footnotes present annotation challenges in two ways. First, the in￾text indicators for endnotes or footnotes (usually numbers, but sometimes letters or
other characters) should be included within the boundaries of the sentence where they
occur. Sometimes they are embedded within the span of the sentence, and sometimes
they occur after the sentence-ending punctuation. In the latter situation, they are still
annotated as being within the span of the sentence. For example, each of the following
is a single sentence (the number in square brackets being the endnote indicators):
Barsumyan was arrested and indicted for one count of producing, us￾ing, and trafficking in a counterfeit credit card, 18 U.S.C. § 1029(a)(1),
32 TAL. Volume 58 – n◦
2/2017
and three counts of possession of device-making equipment, 18 U.S.C. §
1029(a)(4).[2]
Barsumyan gave the Agent a “skimming device,” [1] and asked her to
covertly “skim” the hotel guests’ credit cards when they registered.
Second, if the endnotes themselves appear as a numbered list (e.g., at the end of the
decision), then the annotation follows the instructions for numbered lists. The fol￾lowing passage would consist of four sentences (with “[4]” being the first sentence,
meaning “The fourth endnote is the following.”, followed by two normal sentences
and a citation sentence):
[4] Both wireless telephones and credit cards are considered “access de￾vices” for these purposes. The cloning of wireless telephones was con￾sidered particularly serious because cloned cell phones are commonly
used by drug dealers and other criminals to evade surveillance. See 144
Cong. Rec. S3021 (1998) (statement of Sen. Leahy); 143 Cong. Rec.
S2655 (1997) (statement of Sen. Kyl).
Grammatical or typographical errors sometimes occur. Occasionally we can
still determine from context and the content of the span that the span of text is a
sentence (e.g., often because it is followed by a heading or a standard sentence), even
if it contains grammatical or typographical errors. In such a case, we still annotate it as
a sentence. For example, the following should be annotated as a sentence, despite the
missing period at the end, because this span of characters was followed by a normal
sentence:
38 U.S.C.A. § 1111 (West 2014)
4. Data Set
We assembled a data set consisting of 80 court and administrative decisions. These
came from four distinct areas of law (20 decisions from each)—appeals of veterans’
disability decisions (BVA), cyber crime (CC), intellectual property (IP), and decisions
of the Supreme Court of the United States (SCOTUS). We briefly describe these four
data sets as well as the document selection processes in the subsections below. Se￾lected summary statistics are provided in Table 1. The data set is publicly available. 3
Four human annotators (the authors) marked sentence boundaries in the decisions.
We were guided by the annotation protocol described earlier (Section 3). To increase
the quality and consistency of the annotations we used the automatic SBD system
developed by some of the authors in prior work (Savelka and Ashley, 2017). Each
decision was marked by one of the annotators. First, the automatic segmenter was
applied. The task of the human annotator was to correct its output.
We have double-annotated 2 randomly selected decisions from each of the areas to
measure inter-annotator agreement (i.e., 8 decisions with more than 2,500 sentences).
3. https://github.com/jsavelka/sbd_adjudicatory_dec
SBD in Adjudicatory Decisions in US 33
# total longest doc average doc shortest doc
BVA chars 474,478 76,255 23,723.9 9,555
(20 docs) tokens 170,166 28,493 8,508.3 3,351
sents 3,727 568 186.4 80
Cyber crime chars 984,756 181,009 49,237.8 16,859
(20 docs) tokens 367,740 71,653 18,387.0 5,986
sents 8,295 1,613 414.8 134
IP chars 932,133 103,974 46,606.7 15,877
(20 docs) tokens 343,831 38,536 17,191.6 6,204
sents 7,262 724 363.1 90
SCOTUS chars 960,890 85,175 48,044.5 5,621
(20 docs) tokens 355,677 31,872 17,783.9 2,130
sents 6,768 602 338.4 62
Total chars 3,352,257 181,009 41,903.2 5,621
(80 docs) tokens 1,237,414 71,653 15,467.7 2,130
sents 26,052 1,613 325.7 62
Table 1. Summary statistics of the four data sets and their aggregate. Statistics are
reported on the level of characters (chars), tokens and sentences (sents).
The inter-annotator agreement for the different areas of law, as well as the overall
agreement, is reported in Table 2. It is important to emphasize the use of the automatic
SBD system in the annotation process. The agreement is most likely somewhat higher
than it would be if the process was fully manual. In order to produce disagreement,
one of the annotators must conclude that the automatic segmenter erred and correct its
output while the other one considers it correct. If both of the human annotators correct
the output, the disagreement is produced if the corrections differ.
The agreement was evaluated from two different perspectives. First, a match could
be declared if:
1) boundaries – we count each boundary on its own; or
2) segments – both boundaries need to match.
Second, for each of these perspectives, two approaches could be used to determine if
the boundary was predicted correctly. A match would be declared only if:
1) strict – boundary offsets match exactly; or
2) lenient – the difference between boundary offsets does not contain an alphanu￾meric character.
Let us consider the following example where |T| stands for the true boundary and |P|
for a predicted boundary:
|T||P|Accordingly, we find that the circuit court did not abuse its dis￾cretion when it denied Mr.|P| |P|Renfrow’s motion for a JNOV.|T|
|T|**|P|We find no merit to this issue.|T||P|
34 TAL. Volume 58 – n◦
2/2017
BVA Cyber Crime IP SCOTUS Overall
strict-sen .95 .93 .90 .90 .91
lenient-sen .96 .93 .90 .91 .92
strict-bound .97 .95 .94 .95 .95
lenient-bound .98 .96 .95 .95 .95
Table 2. Inter-annotator agreement.
Two of the predicted boundaries match the true boundaries. The remaining three dif￾fer. In case of one of the three, the difference subsists in the two asterisks (non￾alphanumeric). From the strict boundaries perspective (strict-bound), the Precision
(P) is 0.4 and Recall (R) is 0.5. Using the lenient-boundaries perspective (lenient￾bound), the P is 0.6 and R is 0.75. From the strict-segments perspective (strict-seg),
both P and R are 0 (no segment is predicted correctly). Using the lenient-segments
perspective (lenient-seg), the P is 0.33 and R is 0.5. Using the different perspectives
allows more detailed analysis of the agreement. As shown above, a decent agreement
on two boundaries does not necessarily imply that a whole segment is also predicted
correctly.
Board of Veterans’ Appeals Disability Decisions
We selected a sample of 20 decisions on compensation for service-related disabil￾ities, issued by the Board of Veterans’ Appeals (BVA), which is an administrative
appellate tribunal within the US Department of Veterans Affairs (VA). The VA admin￾isters benefits for veterans of the US Uniformed Services, such as disability compen￾sation, educational assistance, and other benefits. The BVA’s workload has increased
dramatically in the past few decades, e.g., reaching 55,713 decisions in fiscal year
2015 (Moshiashwili, 2014) (Board of Veterans’ Appeals, 2015). The vast majority of
appeals considered by the BVA involve claims for disability compensation (Board of
Veterans’ Appeals, 2015).
The decisions in this dataset are specialized to compensation for service-related
disabilities, but the content of the decisions resembles the typical content of trial-level
judicial decisions, with descriptions of the procedural history of the case, conclusions
of law about the applicable legal rules, citations to authority and to the evidentiary
record, extensive review of the evidence in the case, explanation of the tribunal’s rea￾soning, and findings of fact on the critical legal issues. The BVA has the statutory
authority to decide the facts of each case de novo (Moshiashwili, 2014), and it must
provide a written statement of the reasons or bases for its findings and conclusions.
That statement “must account for the evidence which [the BVA] finds to be persuasive
or unpersuasive, analyze the credibility and probative value of all material evidence
submitted by and on behalf of a claimant, and provide the reasons for its rejection of
any such evidence.” Caluza v. Brown, 7 Vet.App. 498, 506 (1995), aff ’d, 78 F.3d 604
(Fed. Cir. 1996).
SBD in Adjudicatory Decisions in US 35
Cyber Crime, Intellectual Property, and Supreme Court Decisions
The remaining data sets comprise judicial decisions from different appellate and
trial courts, times, and subject matters.
The cyber crime data set comprises of 20 decisions from criminal proceedings
where the alleged offense had a strong connection to cyber space or IT technology in
general. The typical offenses may involve credit card frauds, possession and distribu￾tion of electronic child pornography, or cyber bullying. The decisions were retrieved
from freely accessible on-line services such as Court Listener 4
and Google Scholar 5
on the basis of hand-crafted search queries. An example query could look like this:
“cybercrime unit”. Because the decisions involve criminal proceedings they often
emphasize fact finding and evidential reasoning.
The 20 decisions of the US Supreme Court span nearly 200 years, from the 1803
decision in Marbury v. Madison, establish the principle of judicial review, to a 2001
decision concerning a statute of limitations under the Fair Credit Reporting Act. Deci￾sions in between those dates deal with due process and equal protection in segregation
cases, the right to boycott, the WW II detention of US citizens of Japanese descent
and Congress’s war powers, due process and citizenship, search and seizure, the Com￾merce Clause and civil rights, the right to assistance of counsel under the 6th amend￾ment, freedom of expression, birth control, presidential Executive privilege, the right
to privacy, and assisted suicide. The formats of the decisions include “slip opinions,”
a version the Court publishes shortly after releasing a bench opinion. These may in￾clude corrections and deal with some page breaks in a complex way. We have selected
some of the landmark decisions listed in the dedicated Wikipedia entry. 6
The 20 intellectual property and related cases comprise a mix of US Supreme
Court, federal Court of Appeals and federal district court cases involving issues under
the federal Patent Act, 1976 Copyright Act, the Lanham Act on trademark law, and
the Electronic Computer Privacy Act. Part of the data set are recent more prominent
IP cases. The rest are older cases related to the IP protection of computer programs.
5. Experimental Design
We conducted a series of experiments to test several hypotheses. The first hypoth￾esis (i.) is that court and administrative decisions are more challenging for SBD than
traditional texts such as news articles. We measure performance of existing vanilla
SBD systems (i.e., using the pre-trained general models) on BVA, Cyber Crime, IP,
and SCOTUS data sets. The hypothesis is tested by means of comparing the measured
performance with the performance of the systems reported for other types of texts (see
Section 2).
4. www.courtlistener.com
5. scholar.google.com
6. en.wikipedia.org/wiki/Lists_of_United_States_Supreme_Court_cases
36 TAL. Volume 58 – n◦
2/2017
As explained in Section 3, adjudicatory decisions are subject to a number of lin￾guistic peculiarities that make SBD a challenge. Where possible we train the existing
SBD systems to explore how well they adjust to legal decisions. Specifically, we
assess the hypothesis (ii.) that, by enabling the systems to account for some of the
linguistic peculiarities commonly found in the decisions, their performance improves.
We test the hypothesis by comparing the performance of the trained systems with that
of the systems using the pre-trained general models.
There are certain assumptions about sentence boundaries that are useful for SBD
on general English texts (Section 2). For example, it is useful to understand SBD in
terms of binary classification of a finite set of triggering events (e.g., “.”, “!”, and “?”)
as to whether they constitute a sentence boundary or not. We test the hypothesis (iii.)
that operating under these assumptions in case of decisions hurts the SBD performance
by preventing the systems from accounting for some of the phenomena that regularly
occur in legal texts. We implement an SBD system consisting of a general condition
random fields sequence labeling model (CRF; for details see Section 6). The system
does not start with any assumptions as to what could constitute a sentence. It learns
the rules exclusively by means of training on labeled data. We test the hypothesis by
comparing the performance of this system to the performance of the existing systems
trained on our data sets.
We explore if there are peculiarities specific to different areas of law (hypothesis
iv.). The point is to find out if it is more important to use decisions from the same
or closely related area of law, or if it is feaible to train one general SBD system on
decisions from different areas. Specifically, we train the traditional SBD models as
well as the custom CRF model on one of the data sets and apply them to other data
sets. We test the hypothesis by comparing the performance of the systems on the
documents from the same data set to the performance on the documents from the
other data sets.
For evaluation we use traditional information retrieval metrics—precision (P), re￾call (R), and F1-measure (F1). The comparison is done at the micro level, meaning
that statistics are computed over all sentences across all documents in a given col￾lection. The measures based on the alternate match criteria tend to correlate quite
well. Therefore, for the sake of clarity, we only report the lenient-boundary-focused
approach (one of the approaches described in Section 4).
6. Results
Vanilla SBD Systems
For evaluation of SBD systems’ performance on the corpora of adjudicatory deci￾sions we use one system from each category:
SBD in Adjudicatory Decisions in US 37
1) As an example of a system based on rules, we worked with the SBD module
from the Stanford CoreNLP toolkit (Manning et al., 2014). 7
2) To test a system based on supervised ML classifier, we employed the SBD
component from openNLP. 8
3) As an example of an unsupervised system, we used the punkt (Kiss and Strunk,
2006) module from the NLTK toolkit. 9
The criterion for selection of the SBD systems was that they are components of, we
assume, widely used general NLP toolkits.
The rule-based sentence splitter from Stanford CoreNLP requires a text to be al￾ready segmented into tokens. The system is based on triggering events, the presence of
which is a prerequisite for a boundary to be predicted. The default events are a single
“.” or a sequence of “?” and “!”. The system may use information about paragraph
boundaries which can be configured as either a single EOL (i.e., line break) or two
consecutive EOLs. The system may also exploit HTML or XML markup if present.
Certain patterns that may appear after a boundary are treated as parts of the preceding
sentence (e.g., parenthesized expression).
The supervised sentence splitter from OpenNLP is based on a maximum entropy
model which requires a corpus annotated with sentence boundaries. The triggering
events are “.”, “?”, and “!”. As features the system uses information about the token
containing the potential boundary and about its immediate neighbors:
– the prefix
– the suffix
– the presence of particular chars in the prefix and suffix
– whether the candidate is an honorific or corporate designator
– features of the words left and right of the candidate. (Ratnaparkhi, 1998)
The unsupervised sentence splitter (punkt) from NLTK does not depend on any
additional resources besides the corpus it is supposed to segment into sentences. The
leading idea behind the system is that the chief source of wrongly predicted bound￾aries are periods after abbreviations. The system discovers abbreviations by testing
the hypothesis P(·|w) = 0.99 against the corpus. Additionally, token length (abbre￾viations are short) and the presence of internal periods are taken into account. For
prediction the system uses:
– orthographic features
– a collocation heuristic (collocation is evidence against split)
– a frequent sentence starter heuristic (split after abbreviation). (Kiss and Strunk,
2006)
7. nlp.stanford.edu/software/corenlp.shtml
8. opennlp.apache.org
9. nltk.org/api/nltk.tokenize.html
38 TAL. Volume 58 – n◦
2/2017
BVA CC IP SCOTUS Overall
P R F1 P R F1 P R F1 P R F1 P R F1
CoreNLP .77 .84 .81 .80 .76 .78 .77 .81 .79 .77 .76 .76 .78 .78 .78
punkt .68 .84 .75 .72 .79 .75 .69 .80 .74 .69 .80 .74 .70 .80 .75
openNLP .77 .81 .79 .79 .75 .77 .80 .80 .80 .77 .78 .78 .78 .78 .78
Table 3. Vanilla SBD systems performance.
The results of application of the three SBD systems on the four SBD data sets
described in Section 4 are summarized in Table 3. The results clearly show that per￾formance of the general SBD systems is drastically lower when compared to the per￾formance on news articles data sets. It is also much below the reported performance
on the user-generated web content. (Section 2 or Read et al., 2012, for more details.)
Certain portions of this gap could be explained by the particular definition of the SBD
task we adopt. The remaining portion is due to the decisions being particularly chal￾lenging for SBD.
Trained SBD Systems
OpenNLP and punkt may be trained on a custom data set, which is encouraged.
It can be expected that such training will improve performance of these two systems.
We use the data from each data set with labeled sentence boundaries to train data￾set-specialized openNLP and punkt models (BV AopenNLP+, IP punkt+, etc.). We
also use a pooled data set (all four data set combined) to train generalized models
(
GopenNLP+ and Gpunkt+).
It should be noted that punkt is an unsupervised system and as such it does not
use the labels in its training. Therefore, training punkt is very cheap and one could
use a training set of much greater size. Indeed, we expect that if we use a larger data
set to train punkt, its performance would increase beyond what we observe in our
experiments. The same does not hold for openNLP, which is trained in a supervised
fashion from the gold labels. Training openNLP is quite expensive. If we would wish
to use more documents in training (increasing the performance further), we would
have to manually label additional documents.
The CoreNLP SBD module is rule-based and therefore it is not possible to train a
custom model. To approximate training, one could use its configuration options and
tune the system to perform well on our data set. We configured the CoreNLP SBD
module to perform well on the data sets and evaluated it alongside trained openNLP
and punkt models. It should be emphasized that this kind of comparison is very prob￾lematic and it should be taken with a grain of salt. Specifically, the authors were
familiar with the documents. In light of this familiarity, it appears that the CoreNLP
could have an unfair advantage in this experiment.
SBD in Adjudicatory Decisions in US 39
BVA CC IP SCOTUS Overall
P R F1 P R F1 P R F1 P R F1 P R F1
BV Apunkt+ .94 .84 .89 .73 .74 .74 .68 .80 .73 .65 .80 .72 .72 .79 .75
CC punkt+ .79 .86 .82 .82 .74 .78 .76 .79 .78 .71 .79 .75 .77 .79 .78
IP punkt+ .80 .86 .83 .80 .74 .77 .80 .79 .80 .72 .79 .75 .78 .78 .78
SC punkt+ .76 .86 .80 .79 .74 .77 .74 .80 .77 .77 .78 .78 .77 .79 .78
Gpunkt+ .94 .85 .89 .80 .75 .77 .79 .80 .79 .75 .79 .77 .80 .79 .82
BV AopenNLP+ .95 .84 .89 .83 .70 .76 .83 .75 .79 .83 .73 .78 .85 .74 .79
CC openNLP+ .87 .83 .85 .91 .76 .83 .90 .81 .85 .88 .78 .83 .89 .79 .84
IP openNLP+ .96 .83 .89 .88 .74 .80 .93 .82 .87 .91 .77 .83 .91 .78 .84
SC openNLP+ .93 .80 .86 .85 .72 .78 .88 .77 .82 .92 .79 .85 .89 .76 .82
GopenNLP+ .96 .84 .90 .92 .76 .83 .93 .82 .87 .92 .79 .85 .93 .80 .86
CoreNLP+ .79 .96 .87 .84 .90 .87 .80 .91 .85 .78 .83 .81 .81 .90 .85
Table 4. Trained SBD systems performance.
The performance of the trained (or configured) systems is summarized in Table
4. We observe that all the systems perform better when compared to the vanilla ver￾sions. The performance of some of the systems on some of the data sets is in the
mid-eighties. This is still much lower than the performance reported for news articles
and the performance of the models on user-generated web content (Read et al., 2012).
Custom SBD Systems
We created two simple custom SBD systems. One is based on a set of hand￾crafted rules while the other one uses machine learning to infer the rules from our
data sets. The rule-based system first replaces all sentence ending punctuation with
a masking character if it occurs in an environment matching at least one of a list of
manually defined regular expressions of typical legal document punctuation patterns.
In a second step, the document is traversed beginning to end and begin-end-pairs are
gathered for each detected sentence. It should be noted that the extracted sentences
are not technically guaranteed to cover the full document. This segmenter and its
set of masking regular expressions was created during a different project focusing
on US Trade Secret Law decisions which had no overlapping documents with the
experiments reported in this paper.
As the second system, we trained a number of conditional random fields models
based on simple low-level textual features. In prior work, we showed that more com￾plex features help to improve the performance of the system even further (Savelka and
Ashley, 2017). We do not deal with this issue here and we reserve fine-tuning of the
models for future work. A CRF is a random field model that is globally conditioned
on an observation sequence O. The states of the model correspond to event labels E.
We use a first-order CRF in our experiments (observation Oi
is associated with Ei).
40 TAL. Volume 58 – n◦
2/2017
We use the CRFsuite 10 implementation of first-order CRF (Lafferty et al., 2001; Liu
et al., 2005; Okazaki, 2007).
We use a very aggressive tokenization strategy that segments text into a greater
number of tokens than usual. The reason for this is to capture tokens such as a single
or double line breaks that may be very suggestive about sentence ending. We consider
an individual token to be any consecutive sequence consisting entirely of one type of
character, using the following character types:
1) letters
2) numbers
3) whitespace.
Each character that does not belong to any of the above constitutes a single token. For
example, the following sequence is tokenized as shown below:
Call me at 9am on my phone (123)456-7890.
[“Call”, “ ”, “me”, “ ”, “at”, “9”, “am”, “ ”, “on”, “ ”, “my”, “phone”, “
”, “(”, “123”, “)”, “456”, “-”, “7890”, “.”]
Each of the tokens is then a data point in a sequence that a CRF model operates on.
Each token is represented by a small set of relatively simple features. Specifically,
the set includes:
1) lower – a token in lower case.
2) sig – a feature representing a signature of a token. This feature corresponds to
the token with the following transformations applied:
a) each lower case letter is rewritten to “c”
b) each upper case letter is rewritten to “C”
c) each digit is rewritten to “D”.
3) length – a number corresponding to the length of the token in characters if the
length is smaller than 4. If the length is between 4 and 6 the feature is set to “normal.”
If it is greater than 6 it is set to “long.”
4) islower – a binary feature which is set to true if all the token characters are in
lower case.
5) isupper – a binary feature which is set to true if all the token characters are in
upper case.
6) istitle – a binary feature which is set to true if the first of the token characters is
in upper case and the rest in lower case.
7) isdigit – a binary feature which is set to true if all the token characters are digits.
8) isspace – a binary feature which is set to true if all the token characters are
whitespace.
10. www.chokkan.org/software/crfsuite/
SBD in Adjudicatory Decisions in US 41
BVA CC IP SCOTUS Overall
P R F1 P R F1 P R F1 P R F1 P R F1
Custom Rules .91 .90 .90 .74 .76 .75 .78 .82 .80 .75 .75 .75 .78 .79 .79
BV ACRF .99 .98 .99 .87 .63 .73 .87 .66 .75 .86 .65 .74 .89 .74 .77
CC CRF .96 .90 .93 .96 .92 .94 .96 .95 .96 .97 .96 .96 .95 .95 .95
IP CRF .97 .90 .93 .96 .90 .93 .97 .95 .96 .97 .94 .95 .96 .94 .95
SC CRF .95 .87 .91 .94 .90 .92 .93 .93 .93 .97 .94 .95 .95 .93 .94
GCRF .99 .99 .99 .95 .94 .95 .95 .96 .95 .97 .96 .96 .97 .95 .96
Table 5. Custom SBD systems performance.
In addition, for each token we also include lower, sig, islower, isupper, istitle, isdigit,
and isspace features from the three preceding tokens and three following tokens. If
one of these tokens falls beyond the document boundaries, we signal this by including
BOS (beginning of sequence) and EOS (end of sequence) features.
Taking a look at the “Call me at 9am . . . ” sequence from the above example, the
third token of this sequence (“me”) would be represented along the following lines:
{bias, 0:lower=me, 0:sig=cc, 0:length=2, 0:islower=true,
0:isupper=false, 0:istitle=false, 0:isdigit=false,
0:isspace=false, -3:BOS, -2:lower=call, -2:sig=Cccc,
-2:length=normal, -2:islower=false, -2:isupper=false,
-2:istitle=true, -2:isdigit=false, -2:isspace=false,
-1:lower="" "", -1:sig="" "", -1:length=1, -1:islower=false,
-1:isupper=false, -1:istitle=false, -1:isdigit=false,
-1:isspace=true, 1:lower="" "", 1:sig="" "", 1:length=1,
1:islower=false, 1:isupper=false, 1:istitle=false,
1:isdigit=false, 1:isspace=true, 2:lower=at, 2:sig=cc,
2:length=2, 2:islower=true, 2:isupper=false, 2:istitle=false,
2:isdigit=false, 2:isspace=false, 3:lower="" "", 3:sig="" "",
3:length=1, 3:islower=false, 3:isupper=false, 3:istitle=false,
3:isdigit=false, 3:isspace=true}
As labels we use the Sentence annotation type projected into the BILOU 11 as
demonstrated on the following example:
Look! It is here.
[“Look”, “!, “ ”, “It”, “ ”, “is”, “ ”, “here”, “.”]
[B-Sentence, L-Sentence, O, B-Sentence, I-Sentence, I-Sentence, I￾Sentence, I-Sentence, L-Sentence]
11. B: beginning of sequence, I: inside sequence, L: last in sequence, O: outside of sequence,
U: unit-length sequence.
42 TAL. Volume 58 – n◦
2/2017
The performance of the custom SBD systems is reported in Table 5. For most
of the data sets the performance of some of the models reaches the middle nineties.
This performance is comparable to the performance of the traditional SBD models on
user-generated web content (Read et al., 2012). For a small number of data sets, the
performance is in the higher nineties comparable to the performance of SBD systems
on news articles (Read et al., 2012).
7. Discussion
The results of applying off-the-shelf SBD systems on legal decisions (Table 3)
clearly show that the performance of the general SBD systems is drastically lower as
compared to their performance on news articles data sets. It is also much below the
reported performance on the user generated web content (Read et al., 2012). Certain
portions of this gap could be explained by the particular definition of the SBD task
we adopt (Section 3). The remaining portion is due to the decisions being particularly
challenging for SBD.
The most common source of errors is due to wrongly predicted sentence bound￾aries in citations as shown in the example:
see United States v. X-Citement Video, Inc., 513 U.S. 64, 76-78, 115 S.
Ct. 464, 130 L. Ed.|P| 2d 372 (1994)
The predicted boundary is marked with |P|. This type of error is very serious because it
causes broken sentences to be passed along for further processing within the pipeline.
These sentences may eventually even show up in the output presented to a user (e.g.,
in a summary).
Another commonly occurring type of error is a missed boundary that follows a
unit if a triggering event is absent:
1)|T| Response to Jury Question|T|
The true boundary is marked with |T|; the absence of a predicted boundary |P| indi￾cates an error. This type of error is partly caused by our specific definition of SBD.
This type of mistake is less serious than the previous one. It may still negatively affect
the performance of the processing pipeline but it does not introduce broken sentences
that may eventually be output to a user.
The performance of the trained (or configured) systems universally improved over
their off-the-shelf counterparts (compare Table 4 and Table 3). Even though the per￾formance of CoreNLP improved, the wrongly predicted boundaries in citations remain
a problem. Below are two examples of the boundaries that were incorrectly predicted
by CoreNLP+:
1) Entick v. Carrington, 95 Eng.|P| Rep. 807 (C. P. 1765)
2) 451 F. Supp.|P| 2d 71, 88 (2006).
SBD in Adjudicatory Decisions in US 43
The training improved the performance of the general openNLP SBD module dra￾matically when it comes to precision. The performance in terms of recall remained
about the same. Although some of the boundaries are missed, it is quite rare for
openNLP+ to predict an incorrect boundary. Systematic errors are mostly missed
boundaries such as those in the following examples:
1) 5. The Government’s Hybrid Theory|T|
2) This device delivers many different types of communication: live conversations,
voice mail, pages, text messages, e-mail, alarms, internet, video, photos, dialing, sig￾naling, etc.|T| The legal standard for government access depends entirely upon the
type of communication involved.
In the first example the system missed a boundary because it is not associated with
a triggering event (heading). Example 2 is interesting because the system obviously
learned that the “etc.” is an abbreviation which often does not end a sentence.
The trained punkt+ performs better than the general one. It still commits slightly
more errors as compared to the other two trained/configured systems. One would
probably need to train punkt+ on a considerably larger data set in order to match the
performance of the other two systems. The previously identified typical errors occur:
1) II. ANALYSIS|T|
2) “[T]he district court retains broad discretion in deciding how to respond to a
question propounded from the jury and . . . |P| the court has an obligation to dispel any
confusion quickly and with concrete accuracy.”
Example 1 shows a missed boundary after a heading. Example 2 shows a wrongly
predicted boundary after three dots in a quotation.
The custom CRF system clearly outperforms both vanilla and trained general sys￾tems on all four data sets, suggesting that our general hypothesis holds. Although the
system performs quite well, there is certainly room for improvement. Here are some
examples of errors in predicting boundaries:
1) Such a procedure, this Court said, “cannot be an adequate substitute for the
right to full appellate review available to all defendants”|P| *743 who may not be able
to afford such an expense.
2) *654|T| III.
3) “The introduction of this article declares the opinion.|P| . . that Congress could
not declare”
4) “It settles the great question of citizenship and removes all doubt as to what
persons are or are not citizens of the United States.|T| . . . We desired to put this
question of citizenship and the rights of citizens .|P| . . under the civil rights bill
beyond the legislative power . . . .”
Both examples 1 and 2 relate to the phenomenon of editorial content inserted into
the text of a decision. These are page numbers indicating that there is a page break in
44 TAL. Volume 58 – n◦
2/2017
a printed document. Dealing with this phenomenon is difficult because we treat these
as standalone sentences if they fall in between two other sentences but we ignore them
if they are embedded within a single sentence. Examples 3 and 4 show mishandling
of ellipses. Dealing with ellipses is difficult and they are a source of many errors.
8. Future Work
For future work we would like to use the data set that we have assembled to train
more powerful sentence boundary detectors. Despite the nice improvement over the
traditional SBD systems, the number of errors is still considerable. The prediction
model that we used here is quite simple (a single CRF model). We have already shown
that chaining multiple models together improves the SBD performance (Savelka and
Ashley, 2017). There the focus was on distinguishing the main and the auxiliary con￾tent first and then using this information in decisions about sentence boundaries. A
similar setup could probably lead to even better results than those reported in Savelka
and Ashley (2017) because we now have a significantly richer and larger data set. In
addition, more recent (and presumably more effective) sequence labeling models than
CRFs could be employed (e.g., long short-term memory networks).
9. Conclusion
We assembled a data set consisting of 80 court and administrative decisions. These
came from four distinct areas of law. We annotated the decisions with sentence bound￾aries producing a data set that consists of more than 24,000 sentences. We used the
data set to show that court and administrative decisions are more challenging for SBD
than traditional texts such as news articles. This is due to some peculiar linguistic
features that regularly occur in adjudicatory decisions. We confirmed this by training
the available SBD systems on our data set observing a visible improvement in per￾formance. We also explored the usefulness of typical assumptions traditional SBD
systems operate on. We found that operating under these assumptions for legal deci￾sions hurts the SBD performance. It prevents the systems from accounting for some
of the phenomena that regularly occur in legal texts. A general CRF model trained on
our data set performed significantly better than the traditional SBD systems.
Acknowledgements
This work was supported in part by the National Institute of Justice Graduate Stu￾dent Fellowship (Fellow: Jaromir Savelka) Award # 2016-R2-CX-0010, “Recommen￾dation System for Statutory Interpretation in Cybercrime.” This work was also sup￾ported in part by the Maurice A. Deane School of Law at Hofstra University, through
its general support of the Research Laboratory for Law, Logic and Technology and
through its support of this particular research project.
SBD in Adjudicatory Decisions in US 45
10. References
Aberdeen J., Burger J., Day D., Hirschman L., Robinson P., Vilain M., “MITRE: description
of the Alembic system used for MUC-6”, Proceedings of the 6th Conference on Message
Understanding, Association for Computational Linguistics, p. 141-155, 1995.
Board of Veterans’ Appeals U. S. D. o. V. A., “Annual Report: Fiscal Year 2015”, 2015.
Chierchia G., McConnell-Ginet S., Meaning and grammar: An introduction to semantics, Sec￾ond Edition, MIT press, 2001.
de Maat E., Winkels R., “A next step towards automated modelling of sources of law”, Pro￾ceedings of the 12th International Conference on AI and Law, ACM, p. 31-39, 2009.
Kiss T., Strunk J., “Unsupervised multilingual sentence boundary detection”, Computational
Linguistics, vol. 32, no 4, p. 485-525, 2006.
Lafferty J., McCallum A., Pereira F. et al., “Conditional random fields: Probabilistic models for
segmenting and labeling sequence data”, Proceedings of the 18th International Conference
on Machine Learning, ICML, vol. 1, p. 282-289, 2001.
Liu Y., Stolcke A., Shriberg E., Harper M., “Using conditional random fields for sentence
boundary detection in speech”, Proceedings of the 43rd Annual Meeting on Association for
Computational Linguistics, Association for Computational Linguistics, p. 451-458, 2005.
Manning C. D., Surdeanu M., Bauer J., Finkel J. R., Bethard S., McClosky D., “The stanford
corenlp natural language processing toolkit”, ACL, p. 55-60, 2014.
Mikheev A., “Periods, capitalized words, etc.”, Computational Linguistics, vol. 28, no 3,
p. 289-318, 2002.
Moshiashwili V. H., “The Downfall of Auer Deference: Veterans Law at the Federal Circuit in
2014”, Am. UL Rev., vol. 64, p. 1007, 2014.
Okazaki N., “CRFsuite: a fast implementation of Conditional Random Fields”, 2007.
Palmer D. D., Hearst M. A., “Adaptive multilingual sentence boundary disambiguation”, Com￾putational Linguistics, vol. 23, no 2, p. 241-267, 1997.
Ratnaparkhi A., Maximum entropy models for natural language ambiguity resolution, PhD the￾sis, University of Pennsylvania, 1998.
Read J., Dridan R., Oepen S., Solberg L. J., “Sentence boundary detection: A long solved
problem?”, COLING (Posters), vol. 12, p. 985-994, 2012.
Reynar J. C., Ratnaparkhi A., “A maximum entropy approach to identifying sentence bound￾aries”, Proceedings of the 5th Conference on Applied Natural Language Processing, Asso￾ciation for Computational Linguistics, p. 16-19, 1997.
Riley M. D., “Some applications of tree-based modelling to speech and language”, Proceedings
of the Workshop on Speech and Natural Language, ACL, p. 339-352, 1989.
Savelka J., Ashley K. D., “Using Conditional Random Fields to Detect Different Functional
Types of Content in Decisions of United States Courts with Example Application to Sen￾tence Boundary Detection”, Proceedings of the 2nd Workshop on Automated Detection,
Extraction and Analysis of Semantic Information in Legal Texts, ICAIL, 2017.
Wyner A., Peters W., “On Rule Extraction from Regulations.”, JURIX, vol. 11, p. 113-122,
2011.",https://www.atala.org/sites/default/files/2-%20TAL-58-2-sbd-adjudicatory-decisions.pdf
Toward Domain-Guided Controllable Summarization of Privacy Policies,"Companies’ privacy policies are often skipped by the users as they are too long, verbose, and difficult to comprehend. Identifying the key privacy and security risk factors mentioned in these unilateral contracts and effectively incorporating them in a summary can assist users in making a more informed decision when asked to agree to the terms and conditions. However, existing summarization methods fail to integrate domain knowledge into their framework or rely on a large corpus of annotated training data. We propose a hybrid approach to identify sections of privacy policies with a high privacy risk factor. We incorporate these sections into summaries by selecting the riskiest content from different privacy topics. Our approach enables users to select the content to be summarized within a controllable length. Users can view a summary that captures different privacy factors or a summary that covers the riskiest content. Our approach outperforms the domain-agnostic baselines by up to 27% in ROUGE-1 score and 50% in METEOR score using plain English reference summaries while relying on significantly less training data in comparison to abstractive approaches.","Toward Domain-Guided Controllable Summarization of
Privacy Policies
Moniba Keymanesh
keymanesh.1@osu.edu
The Ohio State University
Micha Elsner
elsner.14@osu.edu
The Ohio State University
Srinivasan Parthasarathy
parthasarathy.2@osu.edu
The Ohio State University
ABSTRACT
Companies’ privacy policies are often skipped by the users as they
are too long, verbose, and difficult to comprehend. Identifying the
key privacy and security risk factors mentioned in these unilateral
contracts and effectively incorporating them in a summary can
assist users in making a more informed decision when asked to
agree to the terms and conditions. However, existing summarization
methods fail to integrate domain knowledge into their framework
or rely on a large corpus of annotated training data. We propose a
hybrid approach to identify sections of privacy policies with a high
privacy risk factor. We incorporate these sections into summaries
by selecting the riskiest content from different privacy topics. Our
approach enables users to select the content to be summarized
within a controllable length. Users can view a summary that cap￾tures different privacy factors or a summary that covers the riskiest
content. Our approach outperforms the domain-agnostic baselines
by up to 27% in ROUGE-1 score and 50% in METEOR score using
plain English reference summaries while relying on significantly
less training data in comparison to abstractive approaches.
ACM Reference Format:
Moniba Keymanesh, Micha Elsner, and Srinivasan Parthasarathy. 2020.
Toward Domain-Guided Controllable Summarization of Privacy Policies. In
Proceedings of the 2020 Natural Legal Language Processing (NLLP) Workshop,
24 August 2020, San Diego, US. ACM, New York, NY, USA, 7 pages.
1 INTRODUCTION AND RELATED WORK
Privacy policy and terms of service are unilateral contracts by which
companies are required to inform users about their data collection,
processing, and sharing practices. Users are required to agree to
abide by the terms before they can use any service. However, many
users do not read or understand these contracts [1]. Thus, they often
end up consenting to terms that may not be aligned with legislation
such as the General Data Protection Regulation (GDPR)1
[2]. This
behavior is often because these contracts are too long and difficult
to comprehend [3]. Summarization is an intuitive way to assist users
with conscious agreement by generating a condensed equivalent
of the content. Broadly, there are two main lines of summarization
systems: abstractive and extractive. The abstractive paradigm [4–
10] aims to create an abstract representation of the input text and
involves various text rewriting operations such as paraphrasing,
deletion, and reordering. The extractive paradigm [11, 12] on the
other hand, creates a summary by identifying and subsequently
1https://eugdpr.org/
Copyright © 2020 for this paper by its authors. Use permitted under Creative Commons
License Attribution 4.0 International (CC BY 4.0).
NLLP @ KDD 2020, August 24th, San Diego, US
© 2020 Copyright held by the owner/author(s).
concatenating the most important sentences in the document. The
abstractive systems are more flexible while the extractive models
enjoy better factuality [13]. However, existing summarization tech￾niques perform poorly on contracts. Unsupervised methods [14, 15]
rely on structural features of documents, such as lexical repetition,
to identify and extract important content. These heuristics work
poorly on the legal language used in contracts [16]. Supervised
methods [7, 9, 17] can learn to cope with the features of a particular
domain. However, training these complex neural summarization
models with thousand of parameters requires a large corpus of
documents and their summaries. Currently existing corpora in the
legal domain are not large enough to train such models. We pro￾pose a hybrid approach for extractive summarization of privacy
contracts: using existing annotated resources, we train a classifier
to predict which pieces of content are most relevant to users [1].
In particular, we identify parts of the contract which place users
at risk by imposing unsafe data practices on them, such as selling
email addresses to third parties or allowing the company to appro￾priate user-generated content. Next, we use this risk classifier for
content selection within an extractive summarization pipeline. The
classifier is substantially less expensive than learning to summa￾rize directly but enables our approach to outperform a selection of
domain-agnostic unsupervised summarization methods.
Prior computational work on privacy policies has used infor￾mation extraction and natural language processing methods to
classify segments of these documents into different data practice
categories [18–20]. Another trajectory of work has focused on pre￾senting a graphical “at-a-glance” description of the privacy policies
to the user. For example, PrivacyGuide [21] and PrivacyCheck [22]
define a few privacy factors and map each factor to a risk level
using a data mining model. Relying on these “at-a-glance” descrip￾tion methods raises several concerns. First, there is no way for the
user to check the factuality of the predicted risk classes or inter￾pret the reasoning behind them. Moreover, users tend to have an
easier time comprehending the content when provided in natu￾ral language. Researchers also have focused on assigning a risk
factor–green, yellow, or red–to each segment of the privacy poli￾cies [23, 24]. However, summarizing the text may benefit users
more than directly presenting the classifier output. We draw on
these approaches in building our own classifier. The first module of
our framework extends prior work [23, 24] to highlight segments
of privacy policies that have a higher risk. We employ a pre-trained
encoder and convolutional neural network to classify sentences
of the contracts into different risk levels. To address the limita￾tions of previous work, we incorporate the domain information
predicted by the classifier in the form of a summary by comparing
a risk-focused and a coverage-focused content selection mecha￾nism. The coverage-focused selection mechanism aims to reduce
NLLP @ KDD 2020, August 24th, San Diego, US Moniba Keymanesh, Micha Elsner, and Srinivasan Parthasarathy
the information redundancy by covering the riskiest sentence from
each privacy topic. We evaluate the effectiveness of employing a
classifier on identifying the domain knowledge for summarization.
We also evaluate the quality of summaries extracted by our two
content selection criteria. Using our approach users can view a
summary that captures different privacy factors or a summary that
covers the riskiest content. We release our dataset of 151 privacy
policies annotated with risk labels to assist future research.
2 METHODOLOGY
Given a privacy policy document 𝐷 consisting of a sequence of 𝑛
sentences {𝑠1, 𝑠2, ...𝑠𝑛} and a sentence budget 𝑚 such that 𝑚 < 𝑛
our summarization model extracts a risk-aware summary with
𝑚 sentences. For each sentence 𝑠𝑖 ∈ 𝐷 we predict a binary label
𝑦𝑖
(where a value of 1 means 𝑠𝑖
is included in the summary). We
achieve this by computing an inclusion probability 𝑝(𝑦𝑖
|𝑠𝑖
, 𝐷, 𝜃)
for each sentence 𝑠𝑖
. 𝜃 are the model’s parameters. We aim to max￾imize the inclusion probability for risky sections of the privacy
policies and minimize it for non-risky sections. We also would like
to cover different privacy factors within the sentence budget 𝑚 by
reducing the redundancy. The main intuition behind our proposed
approach is that users when going through the privacy policies are
most interested in knowing how their information can potentially
be abused [1]. Thus, a condensed equivalent of the terms should
include such risky sections. Next, we explain the architecture or
our risk prediction model and our content selection mechanisms.
2.1 Risk Prediction
Given the content of privacy policies, the first step in our frame￾work is to identify the associated risk class with each sentence of
the contract. We rely on a crowd-sourcing project called TOS;DR2
to automatically annotate 151 privacy contracts. TOSDR has anno￾tated several snippets of privacy contracts based on the average
Internet user’s perception of risk. We explain our dataset extraction
in section 3. We use this dataset to train our risk classifier. Prior
research has exploited word embeddings and Convolutional Neural
Networks (CNN) for sentence classification [25–28]. These simple
architectures achieve strong empirical performance over a range of
text classification tasks. Our model is a slight variant of the CNN
architecture proposed in [25].
2.1.1 Model architecture. Let 𝑠𝑗 = {𝑡1, 𝑡2, ...𝑡𝑛} be the 𝑗-th sen￾tence in the contract 𝐷 and 𝑣𝑖 ∈ 𝑅
𝑑 be the d-dimentional vector
representation of token 𝑡𝑖
in this sequence. Word representations
are output of a pretrained encoder [29] and will be discussed in Sec￾tion 2.1.2. We build the sentence matrix 𝐴 ∈ 𝑅
𝑛×𝑑 by concatenating
the word vectors 𝑣1 to 𝑣𝑛:
𝐴1:𝑛 = 𝑣1 ⊕ 𝑣2 ⊕ ...𝑣𝑛
Following [25] we apply convolution filters to this matrix to
produce new features. The length of the filters is equal to the di￾mensionality of the word vectors 𝑑. The height or region size of the
filter is denoted by ℎ and is the number of rows (word vectors) that
are considered jointly when applying the convolution filter. The fea￾ture map 𝑐 ∈ 𝑅
𝑛−ℎ+1 of the convolution operation is then obtained
2https://TOS;DR.org
by repeatedly applying the convolution filter 𝑤 to a window of to￾kens 𝑡𝑖:𝑖+ℎ−1
. Each element 𝑐𝑖
in feature map 𝑐 = [𝑐1, 𝑐2, ...𝑐𝑛−ℎ+1
]
is then obtained from:
𝑐𝑖 = 𝑓 (𝑤 . 𝐴[𝑖 : 𝑖 + ℎ − 1] + 𝑏)
where 𝐴[𝑖 : 𝑗] is the sub-matrix of 𝐴 from row 𝑖 to 𝑗 corresponding
to a window of tokens 𝑡𝑖 to 𝑡𝑗 and ""."" represents the dot product
between the filter 𝑤 and the sub-matrices. 𝑏 ∈ 𝑅 represents the
bias term and 𝑓 is an activation function such as a rectified linear
unit. We use multiple kinds of filters by using various region sizes.
This extracts various types of features from bigrams, trigrams, and
so on. The dimensionality of the feature map 𝑐 generated by each
convolution filter is different for sentences with various lengths
and filters with different heights. We apply a max-over-time [25]
pooling operation to downsample each feature map 𝑐 by taking the
maximum value over the window defined by a pool size 𝑝. The max￾pooling operation naturally deals with variable sentence lengths.
The outputs generated from each filter map are concatenated to
build a fixed-length feature vector for the penultimate layer. This
feature vector is then fed to a fully connected softmax layer that
predicts a probability distribution over the risk level categories. We
apply dropout [30] as a means of regularization in the softmax layer.
Our objective is to minimize the binary cross-entropy. The trainable
model parameters include the weight vectors 𝑤 of the filters, the
bias term 𝑏 in the activation function, and the weight vector of the
softmax function. We minimize the loss using Stochastic gradient
descent and back-propagation [31].
2.1.2 Pretrained Word Vectors. Prior research indicates that
better word representations can improve performance in a vari￾ety of natural language understanding (NLU) tasks [32]. We use
ELMo [29]-a deep contextualized word representation model-to
map each token 𝑡𝑖
in sentence 𝑠𝑖
in contract 𝐷 to its correspond￾ing contextual embedding 𝑣𝑖 with length 1024 3
. ELMo uses a bi￾directional LSTM [34] for language modeling and considers the
context of the words when assigning them to their embeddings4
.
2.2 Content Selection and Redundancy
Reduction
Given the probability distributions over the risk categories, we
apply two content selection mechanisms to account for the sum￾marization budget 𝑚 and minimize the information redundancy.
The first mechanism focuses on including the most ""risky"" sections
while the second mechanism focuses on covering diverse privacy
factors. Next, we explain these two variations of our model.
2.2.1 Risk-Focused Content Selection: Given a privacy policy
contract 𝐷 with sentences {𝑠1, ...𝑠𝑛}, a summarization budget 𝑚,
and risk score 𝑝(𝑦𝑖 = 1|𝑠𝑖
, 𝐷, 𝜃) predicted for𝑠𝑖 by the risk classifier,
the risk-focused selection mechanism assembles a summary by
extracting the top 𝑚 sentences that have the highest risk score.
3Model was trained on the One billion word benchmark [33] and was obtained from
https://github.com/allenai/allennlp
4BERT [35] as the current state-of-the-art for language model pretraining has achieved
amazing results in many NLU tasks with minimal fine-tuning. However, our prelimi￾nary results of fine-tuning bert did not outperform our results from Elmo word vectors
and task-specific architecture explained in Section 2.1.1.
Toward Domain-Guided Controllable Summarization of
Privacy Policies NLLP @ KDD 2020, August 24th, San Diego, US
2.2.2 Coverage-Focused Content Selection: Given a privacy
policy contract 𝐷 with sentences {𝑠1, ...𝑠𝑛}, a summarization budget
𝑚, and risk scores 𝑝(𝑦𝑖 = 1|𝑠𝑖
, 𝐷, 𝜃), the coverage-focused selection
method finds 𝑚 privacy factors by clustering sentences for which
the risk score is larger than a predefined value of 𝛼. Next, the riskiest
sentence from each privacy factor cluster is selected to be included
in the summary. Note that if less than 𝑚 sentences have a risk
score greater than 𝛼 the summary will have less than 𝑚 sentences.
To find privacy topics of a contract, we apply k-means [36] to
sentence representations. Sentence representations are obtained
through concatenating the word vectors. Number of clusters is set
to 𝑚𝑖𝑛(𝑚, |𝑟|) where 𝑟 = {𝑠𝑖
| 𝑝(𝑦𝑖 = 1) > 𝛼}.
3 DATASET EXTRACTION
In this section, we explain the dataset that we compiled from the
TOS;DR website and privacy contracts of 151 companies. TOS;DR
is a website dedicated to rating and explaining privacy policy of
companies in plain English. Members of the website’s commu￾nity classify specific sections of privacy policies into ""bad"", ""good"",
""blocker"", and ""neutral"" categories and provide summaries for them.
We collected the user agreement contracts of 151 services that were
annotated on TOS;DR from the companies’ websites. Some compa￾nies have several such contracts e.g. privacy policy, terms of service,
and cookie policy. In this case, all the contracts were merged into a
single document. Next, we compared each sentence of the contract
with specific snippets that were annotated on TOS;DR. If the cor￾responding sentence or a very similar sentence was annotated by
the TOS;DR contributors, the same label was used. Otherwise, it
was annotated as ""neutral"". The assumption behind our annotation
schema is that, if a section was not annotated by the contributors, it
most likely does not include a privacy risk and thus, is considered
neutral. NLTK was used to segment the contracts into sentences.
Jaccard similarity of the vocabulary was used to measure the simi￾larity of the sentences. Two sentences from the same contract were
considered similar if the Jaccard similarity of their tokens was more
than 50%. We combined the ""bad"" and ""blocker"" sections to build the
""risky"" class. The ""good"" and ""neutral"" classes were also combined
to build the ""non-risky"" class. This dataset is highly imbalanced
with 61674 non-risky sentences and only 719 risky sentences. To
build the ground truth risk-aware summary of each privacy policy
we concatenate the plain English summaries of the snippets that
have a ""risky"" label. The dataset statistics of the 151 privacy policies
and their corresponding summaries are presented in Table 1. Our
dataset is available online 5
.
Dataset Min Max Median Mean
Privacy Policies 61 1707 350 411.6
Plain English Summaries 1 53 1 3.5
Table 1: The min, max, median, and average number of sen￾tences in 151 privacy contracts and their summaries.
4 EXPERIMENTS
In this section, we discuss our data augmentation mechanism to
reduce the data imbalance problem, our hyper parameter choice
5www.github.com/senjed/Summarization-of-Privacy-Policies
for designing the risk classifier, and the training details. We discuss
our evaluation criteria in Section 4.2.
4.1 Hyperparameters and Training Details
For the CNN model, we use two filter region sizes 3 and 4 each
of which has 50 output filters. We use rectified linear unit as the
activation function of the convolution layer. The pool size in the
max pooling operation is set to 50. We apply dropout with a rate
of 20%. We optimize the binary cross-entropy loss using stochastic
gradient descent with a learning rate of 0.01. To account for the
class imbalance problem, we randomly under-sampled the majority
class (non-risky) with a rate of 10%. We also apply SMOTE over
sampling [37] on the minority class (risky) with rate 50%. We train
our model on this resampled dataset for 20 epochs and weight the
loss function inversely proportional to class frequencies in the input
data. To set the value of risk threshold 𝛼 in the content selection
module, we used the ROC curve of the validation set of each fold.
We set 𝛼 for each fold to the threshold value that achieves 80% true
positive rate.
4.2 Evaluation Metrics
In our experiments, we seek to answer two questions: i. how well
does our model identify the risky sentences in the contracts? and
ii. what content selection method leads to more ""human-like"" sum￾maries? To answer the first question we report the Macro-F1 and
Micro-F1 score of our classifier. To answer the second question,
we evaluate the quality of the extracted summaries by our model
by computing the average F1-score for ROUGE-1, ROUGE-2, and
ROUGE-L [38] metrics (which respectively measure the unigram￾overlap, bigram-overlap, and longest common sequence between
the reference summary and the summary to be evaluated). ROUGE
metrics fail to capture semantic similarity beyond n-grams [39].
Thus, we also report the METEOR score [40] which goes beyond
the surface matches and accounts for stems and synonyms while
finding the matches.6 We evaluate our model using 5-fold cross￾validation. In each fold, contracts of 96 companies are used for
training, 24 contracts are used for validation, and the rest is used
for testing. We explain our baselines in Section 4.3 and our experi￾mental results in Section 5.
4.3 Summarization Baselines
We compare the performance of our domain-aware extractive sum￾marization model with the following unsupervised baselines. Un￾like the evaluation setup in [16], we run the models on the entire
contract. For methods that require a word limit as the budget, a
compression ratio 𝑟 is multiplied by the average number of to￾kens in all contracts (10488.7) to compute the word limit. Similarly,
the compression ratio of 𝑟 is multiplied by the average number of
sentences in all contracts (413.1) to build a sentence limit.
• TextRank: An algorithm introduced in [14] that uses page
rank to compute an importance score for each sentence. Sen￾tences with the highest importance score are then extracted
to build a summary until a word limit is satisfied.
6We use pyrouge and NLTK python packages for computing ROUGE and METEOR
values respectively.
NLLP @ KDD 2020, August 24th, San Diego, US Moniba Keymanesh, Micha Elsner, and Srinivasan Parthasarathy
Compression Ratio = 1/64 Compression Ratio = 1/16
P R Macro-F1 Micro-F1 P R Macro-F1 Micro-F1
CNN + RF 22.40 28.13 61.94 98.01 9.86 59.74 56.65 93.10
CNN + CF 19.64 24.06 60.26 97.95 12.19 52.65 58.51 94.94
Table 2: Precision(P), Recall(R), Macro-F1, and Micro-F1 of the CNN classifier with two different content selection mechanisms
risk-focused(RF) and coverage-focused(CF) at two different compression ratios 1
16 and 1
64 .
• KLSum: Introduced in [15], KLSum aims to minimize the
Kullback-Lieber (KL) divergence between the input docu￾ment and proposed summary by greedily selecting sentences.
• Lead-K: A common baseline in news summarization that
extracts the first k sentences of the document until a word
limit is reached.
• Random: This baseline picks random sentences of the doc￾ument until a word limit is satisfied. For this baseline, we
report the average results over 10 runs.
• Upper Bound Baseline: This baseline picks all the sen￾tences in a contract with ground truth label ""risky"". This
baseline indicates the performance upper bound of an ex￾tractive method on our dataset.
5 RESULTS
In this section, we discuss our experiments conducted using 5-fold
cross-validation. We shared our training details in Section 4.1. As
an example, summaries extracted by our model and the baselines
from privacy policy of Brainly 7
is displayed in Figure 1. It can be
seen that both of the summaries generated by our method indi￾cate that third party advertising companies will be able to collect
information about use of Brainly. KLSum misses this information
and the traditional lead-k heuristic which is very effective for news
performs poorly on the contracts. This indicates the advantage of
injecting domain-specific knowledge into content selection.
5.1 Classification Results:
In this section, we evaluate the performance of our model discussed
in Section 2.1.1 and study the effect of different content selection
mechanism on the risk prediction task. We evaluate our summaries
at two compression ratios of 1
64 and 1
16 . The summarization budget
𝑚 at each compression ratio 𝑟 is achieved by multiplying 𝑟 in the av￾erage number of sentences(or words) in the contracts. Thus, at the
compression ratio of 1
64 , summaries are restricted to the maximum
length of 6 sentences or 164 words. Similarly, at the compression
ratio of 1
16 , summaries are limited to the maximum length of 29 sen￾tences or 656 words. We report the precision, recall, Micro-F1, and
Macro-F1 of our risk classifier with two different content selection
mechanisms namely risk-focused (RF) and coverage-focused (CF)
in Table 2. As can be seen in the table, the Micro-F1 scores of both
content selection methods are quite high. However, the best Macro￾F1 value is achieved by the risk-focused approach and is 61.94. The
large gap between the two values is due to the high level of class
imbalance in our dataset (1 positive sample for every 100 negative
samples). At 1
64 compression ratio, risk-focused performs more than
7https://Brainly.com
two times better in terms of recall. When the compression ratio
is 1
16 , the risk-focused method captures many more risky sections
and achieves a recall of 59.74. However, with this increase in re￾call, the false positive rate also increases. On the other hand, the
coverage-focused method is better at preserving the precision at
higher budgets (only 7.45 drop in precision with a 28.59 points in￾crease in recall). This observation is caused by extracting sentences
with a risk score greater than 𝛼 in coverage-focused content selec￾tion. This naturally puts an upper bound on the false positive rate.
We conclude that both mechanisms are moderately successful at
identifying the risky sections of contracts. We also conclude that at
higher compression ratios, the risk-focused mechanism can be used
where recall is more essential while the coverage-focused mecha￾nism can be used when precision is more of interest. In the next
section, we examine whether the domain information given by the
risk classifier can improve the quality of summaries in comparison
to domain-agnostic extractive summarization baselines.
5.2 Summarization Results:
In this section, we evaluate the quality of the summaries extracted
by our model and the baselines. We introduced our evaluation met￾rics in Section 4.2 and our baselines in Section 4.3. We compare
the summaries against two type of reference summaries. The first
type of summary is built by assembling all the sentences that have
ground truth ""risky"" label. These sentences are derived directly
from text of the contract. We will refer to this reference summary
as ""quote text"" reference. The second type of summary is derived
by assembling the plain English summary of the ""risky"" sections
written by the TOS;DR contributors. The summarization results
using the quote text summaries is presented in Table 3. The sum￾marization results using the plain English reference summaries is
presented in Table 4.
5.2.1 Extracting the risky content: As it can be seen in Table 3,
at both compression ratios, both variation of our model outperform
the baselines. At compression ratio of 1
64 , the CNN + RF, achieves
the best ROUGE and METEOR results with 49.8% improvement
in ROUGE-1, 124.6% improvement in ROUGE-2, 56.3% improve￾ment in ROUGE-L, and 65.6% improvement in METEOR in com￾parison to the best performing domain-agnostic baseline for each
metric. At compression ratio of 1
16 the CNN + CF achieves the best
ROUGE results by improving ROUGE-1 by 12.2%, ROUGE-2 by
30.2%, ROUGE-L by 8.8%, and METEOR by 23.7% in comparison
the the best performing baseline for each metric. The improve￾ment in METEOR score is found to be statistically significant using
Wilcoxon signed ranked test [41] with p-value < 0.01 (Bonferroni
corrected [42] to account for multiple testing). Similar to our obser￾vation in classification task, we find that the risk-focused content
Toward Domain-Guided Controllable Summarization of
Privacy Policies NLLP @ KDD 2020, August 24th, San Diego, US
Plain English Summary: The Privacy Policy states, ""We and our third party partners may also use cookies and tracking technologies for advertising
purposes."". In the Privacy Policy, it states that, ""Although we do our best to honor the privacy preferences of our users, we are unable to respond to Do
Not Track signals set by your browser at this time."" The Privacy Poilicy says Brainly can track usage information and personal information ""through a
variety of tracking technologies, including cookies, web beacons, Locally Stored Objects (LSOs such as Flash or HTML5), log files, and similar technology
(collectively, “tracking technologies”)."" If Brainly aims to ""preserve all content posted on the site,"" then we can conclude that such personal data is still
necessary for the purpose of the site. There are places on the site where answers without usernames or profile pictures are visible. The Cookie Policy
states, ""Service oparator [sic] informs that restricting the use of cookies may affect some of the functionalities available on the Website."" For users not in
europe, brainly reserves the right, in its sole discretion, to immediately modify, suspend or terminate your account, the brainly services, your brainly
subscription, and/or any products, services, functionality, information, content or other material. <truncated>
CNN + RF: We participate in interest-based advertising and use third party advertising companies to serve you targeted advertisements based on your
online browsing history and your interests. We permit third party online advertising networks, social media companies and other third party services,
to collect, information about your use of our service over time so that they may play or display ads on our service, on other websites, apps or services
you may use, and on other devices you may use. We may share a common account identifier (such as an email address or user id) or hashed data with
our third party advertising partners to help identify you across devices. Brainly reserves the right to moderate the Brainly services and to remove, screen,
or edit your content from the Brainly services at our sole discretion, at any time, and for any reason or for no reason, with no notice to you. Brainly
reserves the right, in its sole discretion, to immediately modify, suspend or terminate your account, the Brainly services, your Brainly subscription,
and/or any products, services, functionality, information, content or other materials available on, through or in connection with the Brainly services
and/or your Brainly subscription, including, but not limited to, the mobile software, and/or your access to some or all of them without cause and without
notice. In the event that Brainly suspends or terminates your account, the Brainly services or your Brainly subscription, you acknowledge and agree
that you shall receive no refund or exchange for any unused time on a Brainly subscription or any subscription fees or anything else.
CNN + CF: We participate in interest-based advertising and use third party advertising companies to serve you targeted advertisements based on
your online browsing history and your interests. We permit third party online advertising networks, social media companies and other third party
services, to collect, information about your use of our service over time so that they may play or display ads on our service, on other websites, apps
or services you may use, and on other devices you may use. We may share a common account identifier (such as an email address or user id) or hashed
data with our third party advertising partners to help identify you across devices. To the fullest extent permitted by applicable law, no arbitration or
claim under these terms shall be joined to any other arbitration or claim, including any arbitration or claim involving any other current or former user
of the Brainly services or a Brainly subscription, and no class arbitration proceedings shall be permitted. We may modify or update this privacy policy
from time to time to reflect the changes in our business and practices, and so you should review this page periodically. If you object to any changes,
you may close your account. Continuing to use our service after we publish changes to this privacy policy means that you are consenting to the changes.
Lead-K: Welcome to Brainly!. Brainly operates a group of social learning networks for students and educators. Brainly inspires students to share and
explore knowledge in a collaborative community and engage in peer-to-peer educational assistance, which is made available on www.Brainly.com and
any www.Brainly.com sub-domains(the “website”) as well as the Brainly.com mobile application (the “app”) (the “website” and the “app” are collectively
the “Brainly services”. We have two sets of terms and conditions: part(a) sets out the terms that apply to our users unless you are based in Europe and
part (b) sets out the terms that apply to our users in Europe. It is important that you read and understand the terms that apply to you when you use
the Brainly services before using the Brainly services. Part (a): terms and conditions applicable to users unless you are based in Europe. This part and
the documents referred to within it set out the terms and conditions that apply to your use of Brainly services if you access Brainly services from within
the united states or other countries except Europe. The Cookie Policy states, ""Service oparator [sic] informs that restricting the use of cookies may
affect some of the functionalities available on the Website.""
KLSum: Brainly reserves the right, in its sole discretion, to immediately modify, suspend or terminate your account, the Brainly services, your Brainly
subscription, and/or any products, services, functionality, information, content or other materials available on, through or in connection with the Brainly
services and/or your Brainly subscription, including, but not limited to, the mobile software, and/or your access to some or all of them without cause and
without notice. Brainly makes no warranty that the Brainly services and/or any products, services, functionality, information, content or other materials
available on, through or in connection with the Brainly services or your Brainly subscription, including, but not limited to, the mobile software, will meet
your requirements, or that the Brainly services or Brainly subscriptions will operate uninterrupted or in a timely, secure, or error-free manner, or as to the
accuracy or completeness of any information or content accessible from or provided in connection with the Brainly services or Brainly subscriptions,
regardless of whether any information or content is marked as “verified”. You must not: use Brainly services other than for its intended purpose as set out
in the terms of use; <truncated for presentation purpose. Rest of the summary includes examples of misuse of the Brainly services.>
Figure 1: The summaries extracted by our model (CNN + RF and CNN + CF) and the baselines from the privacy policy and
cookie policy of Brainly at compression ratio of 1
64 .
selection achieves more recall and thus, achieves a better METEOR
score in comparison to the coverage-focused mechanism. On the
other hand, by increasing the summarization budget, the ROUGE
values for this method slightly drop. This is because, in most of the
contracts, the number of risky sentences is smaller than the budget
at ratio of 1
16 (29 sentences).
5.2.2 Building Human-like summaries: We present our sum￾marization results using the plain English summaries as reference
summaries in Table 4. At compression ratio of 1
64 , both variations of
NLLP @ KDD 2020, August 24th, San Diego, US Moniba Keymanesh, Micha Elsner, and Srinivasan Parthasarathy
Compression Ratio = 1/64 Compression Ratio = 1/16
ROUGE-1 ROUGE-2 ROUGE-L METEOR ROUGE-1 ROUGE-2 ROUGE-L METEOR
CNN + RF 43.09 31.21 36.80 41.98 34.0 24.96 24.83 40.03
CNN + CF 40.45 28.69 34.01 41.55 37.93 28.82 29.23 43.91
Textrank 28 13.89 22.06 22.4 33.78 22.12 26.85 35.49
KLSum 28.75 13.14 23.53 25.34 24.74 11.36 18.86 26.95
Lead-k 25.57 9.09 20.25 19.54 25.67 11.33 19.77 26.85
Random 24.26 6.45 18.78 18.11 24.43 9.85 18.08 27.01
Table 3: ROUGE-1, ROUGE-2, ROUGE-l, and METEOR score of our model (highlighted in light gray) in comparison to the
baselines in compression ratios 1
64 and 1
16 . RF refers to the risk-focused content selection while CF refers to the coverage￾focused content selection. The quote text of the risky sections was used to build the reference summaries.
Compression Ratio = 1/64 Compression Ratio = 1/16
ROUGE-1 ROUGE-2 ROUGE-L METEOR ROUGE-1 ROUGE-2 ROUGE-L METEOR
Upper Bound 22.45 13.7 18.27 22.32 22.56 13.95 18.49 23.03
CNN + RF 13.97 6.08 9.83 16.58 9.07 3.94 5.53 12.07
CNN + CF 12.39 4.81 8.51 14.93 10.18 4.54 6.58 13.16
Textrank 10.94 2.78 7.51 11.2 10.08 3.37 6.37 12.47
KLSum 10.96 2.43 7.34 12.54 8.37 1.92 5.26 11.06
Lead-k 11.21 1.9 7.9 11.04 9.33 2.44 5.96 11.87
Random 11.44 1.87 8.03 12.02 9.13 2.32 5.73 12.45
Table 4: Performance of our model (highlighted in light gray) in comparison to the baselines in compression ratios 1
64 and 1
16 .
RF refers to the risk-focused content selection while CF refers to the coverage-focused content selection. The plain English
summaries of risky sections was used to build the reference summaries.
our model outperform the baselines. Our CNN + RF model, increases
the METEOR score by 32.2% over KLSum and 48% over textrank.
This improvement is found to be statistically significant (with p￾value < 0.01). The CNN + CF outperforms the baselines over all
evaluation metrics. However, the improvement is not statistically
significant. At compression ratio of 1
16 , CNN + RF outperforms all
domain-agnostic baselines. This improvement however, is not sta￾tistically significant. At this compression ratio, CNN + RF achieves
comparable result with textrank. We conclude from our experiments
that our domain-aware extractive model does moderately better
than the baselines at lower compression ratios, however, due to
high level of abstraction in plain English summaries of TOS;DR [16],
a fully-extractive approach cannot mimic the human-like qualities
in the plain English summaries. This can also be seen by looking at
the performance of the upper bound baseline.
6 CONCLUSION AND DISCUSSION
In this paper, we proposed a domain-aware extractive model for
summarizing the privacy contracts. Our model, employs a convolu￾tional neural network to identify risky sections of the contracts. We
build summaries by using a risk-focused and a coverage-focused
content selection mechanism. Our approach enables users to select
the content to be summarized within a controllable length while
relying on substantially less training data in comparison to the exist￾ing supervised summarization methods. Our two different content
selection mechanisms enable users to build budgeted summaries
of contracts based on their preference of coverage vs risk. In spite
of the moderate success in classification of our realistically imbal￾anced dataset, we observed a noticeable improvement in ROUGE
and METEOR metrics in comparison to domain agnostic baselines.
We believe the summaries generated by our method can be im￾proved in multiple ways. First, the classifier itself, and the redun￾dancy reduction system, could be improved, bringing content selec￾tion performance closer to the upper bound scores derived using
a perfect classifier. Secondly, our summaries would be more ac￾cessible if written in plain English rather than legalese [2]. An
abstractive system could be used to rewrite the contract text in
this way. However, the abstractive summaries should not change
the legal interpretation of the content and should be linkable to
the original content to be considered binding. In addition to im￾proving the system, it is also necessary to conduct more extensive
evaluation experiments, involving human readers as well as auto￾mated metrics. This will help determine the most effective ways to
present information from click-through contracts so that users can
understand their terms and make a more informed decision. We are
planning to explore if the risk classifier module can be used indepen￾dently to enhance the productivity of annotators by identifying the
sections that need to be summarised. This can potentially facilitate
annotating larger resources for training abstractive models.
ACKNOWLEDGEMENT
We are immensely grateful to Prof. Junyi Jessy Li, Prof. Bryan
H. Choi, Dr. Daniel Preoţiuc-Pietro, Mayank Kulkarni, and three
anonymous reviewers for valuable discussions.
Toward Domain-Guided Controllable Summarization of
Privacy Policies NLLP @ KDD 2020, August 24th, San Diego, US
REFERENCES
[1] Lorrie Faith Cranor, Praveen Guduru, and Manjula Arjula. User interfaces for
privacy agents. TOCHI, 2006.
[2] Jonathan A Obar and Anne Oeldorf-Hirsch. The biggest lie on the internet:
Ignoring the privacy policies and terms of service policies of social networking
services. ICS, 2020.
[3] Aleecia M McDonald and Lorrie Faith Cranor. The cost of reading privacy policies.
Isjlp, 2008.
[4] Alexander M Rush, Sumit Chopra, and Jason Weston. A neural attention model
for abstractive sentence summarization. arXiv:1509.00685, 2015.
[5] Ramesh Nallapati, Bowen Zhou, Caglar Gulcehre, et al. Abstractive text summa￾rization using sequence-to-sequence rnns and beyond. arXiv:1602.06023, 2016.
[6] Qian Chen, Xiao-Dan Zhu, Zhen-Hua Ling, Si Wei, and Hui Jiang. Distraction￾based neural networks for modeling document. In IJCAI, 2016.
[7] Abigail See, Peter J Liu, and Christopher D Manning. Get to the point: Summa￾rization with pointer-generator networks. arXiv:1704.04368, 2017.
[8] Jiwei Tan, Xiaojun Wan, and Jianguo Xiao. Abstractive document summarization
with a graph-based attentional neural model. In ACL, 2017.
[9] Romain Paulus, Caiming Xiong, and Richard Socher. A deep reinforced model
for abstractive summarization. arXiv preprint arXiv:1705.04304, 2017.
[10] Ritesh Sarkhel*, Moniba Keymanesh*, Arnab Nandi, and Srinivasan Parthasarathy.
Transfer learning for abstractive summarization at controllable budgets.
arXiv:2002.07845, 2020.
[11] Ramesh Nallapati, Feifei Zhai, and Bowen Zhou. Summarunner: A recurrent
neural network based sequence model for extractive summarization of documents.
In AAAI, 2017.
[12] Michihiro Yasunaga, Rui Zhang, Kshitijh Meelu, Ayush Pareek, Krishnan Srini￾vasan, and Dragomir Radev. Graph-based neural multi-document summarization.
arXiv preprint arXiv:1706.06681, 2017.
[13] Ziqiang Cao, Furu Wei, Wenjie Li, and Sujian Li. Faithful to the original: Fact
aware neural abstractive summarization. In AAAI, 2018.
[14] Rada Mihalcea and Paul Tarau. Textrank: Bringing order into text. In EMNLP,
2004.
[15] Aria Haghighi and Lucy Vanderwende. Exploring content models for multi￾document summarization. In NAACL, 2009.
[16] Laura Manor and Junyi Jessy Li. Plain english summarization of contracts.
arXiv:1906.00424, 2019.
[17] Sebastian Gehrmann, Yuntian Deng, and Alexander M Rush. Bottom-up abstrac￾tive summarization. arXiv preprint arXiv:1808.10792, 2018.
[18] Frederick Liu, Shomir Wilson, Peter Story, et al. Towards automatic classification
of privacy policy text. 2018.
[19] Shomir Wilson, Florian Schaub, Aswarth Abhilash Dara, Frederick Liu, et al. The
creation and analysis of a website privacy policy corpus. In ACL, 2016.
[20] Sebastian Zimmeck and Steven M Bellovin. Privee: An architecture for automati￾cally analyzing web privacy policies. 2014.
[21] Welderufael B Tesfay, Peter Hofmann, Toru Nakamura, Shinsaku Kiyomoto, and
Jetzabel Serna. Privacyguide: Towards an implementation of the eu gdpr on
internet privacy policy evaluation. In IWSPA, 2018.
[22] Razieh Nokhbeh Zaeem, Rachel L German, and K Suzanne Barber. Privacycheck:
Automatic summarization of privacy policies using data mining. TOIT), 2018.
[23] Najmeh Mousavi Nejad, Damien Graux, and Diego Collarana. Towards measuring
risk factors in privacy policies. In ICAIL, 2019.
[24] Hamza Harkous, Kassem Fawaz, Rémi Lebret, et al. Polisis: Automated analysis
and presentation of privacy policies using deep learning. 2018.
[25] Ronan Collobert, Jason Weston, Léon Bottou, Michael Karlen, Koray Kavukcuoglu,
and Pavel Kuksa. Natural language processing (almost) from scratch. JMLR,
12(Aug):2493–2537, 2011.
[26] Yoon Kim. Convolutional neural networks for sentence classification.
arXiv:1408.5882, 2014.
[27] Nal Kalchbrenner, Edward Grefenstette, and Phil Blunsom. A convolutional
neural network for modelling sentences. arXiv preprint arXiv:1404.2188, 2014.
[28] Ye Zhang and Byron Wallace. A sensitivity analysis of (and practitioners’ guide
to) convolutional neural networks for sentence classification. arXiv:1510.03820,
2015.
[29] Matthew E Peters, Mark Neumann, Mohit Iyyer, et al. Deep contextualized word
representations. arXiv:1802.05365, 2018.
[30] Geoffrey E Hinton, Nitish Srivastava, Alex Krizhevsky, Ilya Sutskever, and Rus￾lan R Salakhutdinov. Improving neural networks by preventing co-adaptation of
feature detectors. arXiv preprint arXiv:1207.0580, 2012.
[31] David E Rumelhart, Geoffrey E Hinton, and Ronald J Williams. Learning repre￾sentations by back-propagating errors. nature, 1986.
[32] Matthew E Peters, Waleed Ammar, Chandra Bhagavatula, and Russell Power.
Semi-supervised sequence tagging with bidirectional language models. arXiv
preprint arXiv:1705.00108, 2017.
[33] Ciprian Chelba, Tomas Mikolov, Mike Schuster, Qi Ge, Thorsten Brants, Phillipp
Koehn, and Tony Robinson. One billion word benchmark for measuring progress
in statistical language modeling. arXiv preprint arXiv:1312.3005, 2013.
[34] Mike Schuster and Kuldip K Paliwal. Bidirectional recurrent neural networks.
IEEE transactions on Signal Processing, 45, 1997.
[35] Jacob Devlin, Ming-Wei Chang, et al. Bert: Pre-training of deep bidirectional
transformers for language understanding. arXiv:1810.04805, 2018.
[36] Tapas Kanungo, David M Mount, Nathan S Netanyahu, Christine D Piatko, Ruth
Silverman, and Angela Y Wu. An efficient k-means clustering algorithm: Analysis
and implementation. IEEE TPAMI, 2002.
[37] Nitesh V Chawla, Kevin W Bowyer, Lawrence O Hall, and W Philip Kegelmeyer.
Smote: synthetic minority over-sampling technique. JAIR, 2002.
[38] Chin-Yew Lin and Eduard Hovy. Manual and automatic evaluation of summaries.
In ACL, 2002.
[39] Jin-ge Yao, Xiaojun Wan, and Jianguo Xiao. Recent advances in document
summarization. Knowledge and Information Systems, 2017.
[40] Michael Denkowski and Alon Lavie. Meteor universal: Language specific trans￾lation evaluation for any target language. In Proceedings of the ninth workshop
on statistical machine translation, 2014.
[41] Frank Wilcoxon, SK Katti, and Roberta A Wilcox. Critical values and probability
levels for the wilcoxon rank sum test and the wilcoxon signed rank test. Selected
tables in mathematical statistics, 1970.
[42] Charles W Dunnett. New tables for multiple comparisons with a control. Bio￾metrics, 1964.",https://ceur-ws.org/Vol-2645/paper3.pdf
"CLERC: A Dataset for Legal Case Retrieval
and Retrieval-Augmented Analysis Generation","Legal professionals need to write analyses that rely on citations to relevant precedents, i.e., previous case decisions. Intelligence systems assisting legal professionals in writing such documents provide great benefits but are challenging to design. Such systems need to help locate, summarize, and reason over salient precedents in order to be useful. To enable systems for such tasks, we work with legal professionals to transform a large open-source legal corpus into a dataset1 supporting two important backbone tasks: information retrieval (IR) and retrieval-augmented generation (RAG). This dataset CLERC (Case Law Evaluation and Retrieval Corpus), is constructed for training and evaluating models on their ability to (1) find corresponding citations for a given piece of legal analysis and to (2) compile the text of these citations (as well as previous context) into a cogent analysis that supports a reasoning goal. We benchmark state-of-the-art models on CLERC, showing that current approaches still struggle: GPT-4o generates analyses with the highest ROUGE F-scores but hallucinates the most, while zero-shot IR models only achieve 48.3% recall@1000.","CLERC: A Dataset for Legal Case Retrieval
and Retrieval-Augmented Analysis Generation
Abe Bohan Hou♣ Orion Weller♣ Guanghui Qin♣
Eugene Yang♣ Dawn Lawrie♣ Nils Holzenberger♠
Andrew Blair-Stanek♢♣ Benjamin Van Durme♣
♣ Johns Hopkins University
♠Télécom Paris, Institut Polytechnique de Paris
♢ University of Maryland, Carey School of Law
Abstract
Legal professionals need to write analyses that
rely on citations to relevant precedents, i.e., pre￾vious case decisions. Intelligence systems as￾sisting legal professionals in writing such doc￾uments provide great benefits but are challeng￾ing to design. Such systems need to help lo￾cate, summarize, and reason over salient prece￾dents in order to be useful. To enable systems
for such tasks, we work with legal profession￾als to transform a large open-source legal cor￾pus into a dataset1
supporting two important
backbone tasks: information retrieval (IR) and
retrieval-augmented generation (RAG). This
dataset CLERC (Case Law Evaluation and
Retrieval Corpus), is constructed for training
and evaluating models on their ability to (1)
find corresponding citations for a given piece
of legal analysis and to (2) compile the text
of these citations (as well as previous context)
into a cogent analysis that supports a reasoning
goal. We benchmark state-of-the-art models on
CLERC, showing that current approaches still
struggle: GPT-4o generates analyses with the
highest ROUGE F-scores but hallucinates the
most, while zero-shot IR models only achieve
48.3% recall@1000.
1 Introduction
Writing legal analyses is a central task of lawyers.
For example, in the U.S. legal system, litigation
attorneys draft motions and briefs, citing relevant
cases (case law) to support their analysis. From
a corpus of millions of cases, finding the rele￾vant files and weaving them into a persuasive
whole requires substantial time and effort. En￾hancing lawyers’ capacity to retrieve relevant cases
and generate legal analyses presents difficult chal￾lenges across various fields, including informa￾tion retrieval, natural language processing, and the
broader AI community.
1Code/data is publicly available at https://github.
com/bohanhou14/CLERC and https://huggingface.co/
datasets/jhu-clsp/CLERC
To support the development of information re￾trieval and generative language models in writing
legal documents, we build a dataset based on ex￾isting case law, i.e., the precedents. Case law is
written by judges to explain the court’s reasoning
for its resolution of legal disputes based on concrete
facts and laws. It is foundational for legal analyses
for Common Law and some Civil Law jurisdictions
(Ma et al., 2021; Mahari et al., 2023). Curating a
quality dataset based on case law is valuable for
two main reasons. First, given that case law is care￾fully written and serves as a strong prediction of
future case law, the data is valuable for developing
legal intelligence systems. Second, given the desire
for retrieval accuracy and text generation quality,
high-quality training data is critical for producing
effective models.
Thus, we build a dataset, CLERC (Case Law
Evaluation and Retrieval Corpus), as a step towards
enabling collaborative AI systems that assist legal
professionals, while also providing AI researchers
with a challenging and real-world evaluation set.
CLERC is built upon digitized case law from the
Caselaw Access Project (CAP)2
(CAP, 2024) by
Harvard Law School, which contains over 1.84
million federal case documents with an average
of 11.54 citations per document (see a taxonomy
of U.S. legal data in Figure 6). We transform this
corpus into a comprehensive task dataset that can
be used for information retrieval (IR) and retrieval￾augmented generation (RAG). Compared with ex￾isting precedent datasets (Henderson et al., 2022;
Santosh et al., 2024; Mahari et al., 2023; Ma et al.,
2021; Guha et al., 2023), we offer the following
novel contributions:
1. Through working with legal professionals, we
provide a formulation of legal case retrieval
and generation tasks that balance the needs
2
https://case.law/
arXiv:2406.17186v2 [cs.CL] 27 Jun 2024
“...There are two remaining issues 
raised by the Secretary. One is a 
claim that Defendants violated 
the FLSA’s requirement that an 
employer keep proper payroll 
records. See 29 U.S.C.A. § 
211(c)...The second remaining 
issue is ____”
Reich v. Petro Sales, Inc., 30 F.3d 654, 657 (1994) 
relevant.
Ashton v. Kentucky, 384 U.S. 195 (1966) 
not relevant.
Martin v. Coventy Fire Dist., 981 F.2d 1358 (1992) 
relevant.
Similarity:
0.86
Similarity:
0.74
Similarity:
0.57
CLERC/doc
CLERC/passage Lawyer
Reference:
The second 
remaining issue is a 
request by the 
Secretary for a 
prospective 
injunction restraining 
Defendants from 
future violations of 
the FLSA….See Reich 
v. Petroleum Sales, 
Inc., 30 F.3d 654, 657; 
Martin v. Coventry 
Fire Dist., 981 F.2d
1358, 1362
Generation:
Another issue 
raised by the 
Secretary is a claim 
that Defendants 
failed to pay Hogar 
employees for their 
work on secular 
holidays. The Court 
finds that the 
employees were 
not paid for their 
work on secular 
holidays, …
Legal document (memo,
analysis, motion, briefs)
Create
Case 
Retrieval 
Assistance
CLERC/generation
Co-write 
Legal Analysis
Retrieval-Augmented
Analysis Generation
Citation 
Recall:
0%
BART-F:
 -2.77
Rouge-L:
 0.175
Citation 
Precision:
0%
Figure 1: An overview of how CLERC enables systems that empower legal professionals: retrieval models for
CLERC/doc and CLERC/passage that assist with finding relevant cases to support the analysis, and retrieval￾augmented generation systems with CLERC/generation that aid in legal analysis generation.
and perspectives of legal professionals with
computational feasibility.
2. We build an open-source pipeline for trans￾forming CAP into a large-scale, high-quality
dataset designed for training and evaluating
models on legal IR and RAG tasks.
3. We conduct a comprehensive evaluation
of long-context case retrieval and retrieval￾augmented legal analysis generation on
CLERC with state-of-the-art methods, reveal￾ing that IR models struggle to retrieve relevant
documents and LLMs frequently hallucinate.
2 Related Work
In this section, we provide an overview of long￾context retrieval and RAG, including existing ap￾plications in the legal domain.
2.1 Legal Case Retrieval and Generation
Case law retrieval is a longstanding problem aimed
at helping legal experts find cases to cite (Wil￾son, 1962). Techniques range from lexical search
(Blair and Maron, 1985) to more recent seman￾tic similarity-based approaches (Ebietomere and
Ekuobase, 2019; Askari et al., 2021). Overall, most
legal retrieval is done through WestLaw3 or Lexis￾Nexis,4 or services offered by Thomson Reuters,5
which charge large sums for access to a manually
3
https://legal.thomsonreuters.com/en/westlaw
4
https://www.lexisnexis.com/
5
https://legal.thomsonreuters.com/en/products/
court-express
annotated and custom-based ontology. Although
many new datasets exist for countries outside of the
United States (Ma et al., 2021; Li et al., 2024; San￾tosh et al., 2024; Goebel et al., 2024), few existed
in the United States before the large U.S. case law
resource, CAP, was released to the public in 2023
(Mahari, 2021). A summary of more related work
of legal IR can also be found in Locke and Zuccon
(2022). Due to the recent advances of Large Lan￾guage Models (LLMs) and RAG, legal generation
is a new field with preliminary works, including
analysis generation using small datasets or small￾scale models (Tuvey and Sen, 2023; Li and Zhang,
2021; Lin and Cheng, 2024), generating stories to
educate about legal concepts (Jiang et al., 2024),
generating legal summaries (Gesnouin et al., 2024;
Shen et al., 2022), and profiling hallucinations in
legal generation (Dahl et al., 2024; Magesh et al.,
2024). In comparison, we provide an extensive
benchmark on retrieving citations and generat￾ing long-form legal analysis, which is a core task
for lawyers that requires substantial time and effort.
2.2 Long-Context Generation
LLMs are limited in context length due to concerns
of efficiency and performance (Li et al., 2023).
Benchmarks have been introduced to measure the
effectiveness of LLMs, including Shaham et al.
(2022); Tay et al. (2020); Dong et al. (2024). Vari￾ous methods were proposed to solve this problem,
such as efficient attention (Beltagy et al., 2020;
Choromanski et al., 2021; Qin et al., 2024a, inter
alia), recurrence (Dai et al., 2019; Bulatov et al.,
Query: . . . Summary judgment should be granted where “the pleadings, depositions, answers to interrogatories
and admissions on file, together with the affidavits, if any, show there is no genuine issue as to any material fact
and that the moving party is entitled to judgment as a matter of law.” Fed.R.Civ.P. 56(c). The moving party has
the responsibility of informing the Court of portions of the record or affidavits that demonstrate the absence of a
triable issue. Celotex Corp. v. Catrett, 477 U.S. 317, 322, 106 S.Ct. 2548, 91 L.Ed.2d 265 (1986). The moving party
may meet its burden of showing an absence of disputed material facts by demonstrating “that there is an absence of
evidence to support the non-moving party’s case.” Id. at 325, 106 S.Ct. 2548. Any doubt as to the existence of a
genuine issue for trial is resolved against the moving party. Anderson v. Liberty Lobby, Inc., 477 U.S. 242,
255, 106 S.Ct. 2505, 91 L.Ed.2d 202 (1986); . . .
Figure 2: A depiction of a query from CLERC. “Fed.R.Civ.P. 56(c)” cites a federal statute. Underlined violet is the
query’s central citation sentence. The brown italicized sentence is a direct quote from Celotex Corp. v. Catrett,
making this query a direct query. The red citations in teletype fonts are non-central citations. We define
single-removed as a data view which masks only the central citation and its salient sentence, while all-removed
masks all citations from the passage. All references to statutes are retained.
2022), context length generalization (Su et al.,
2024; Chen et al., 2023), and RAG (Lewis et al.,
2020), while some recent work challenges the ef￾fectiveness of those methods (Liu et al., 2024; Qin
et al., 2023). Recent proprietary LLMs are reported
to extend the context length up to 1 million tokens,
such as Gemini 1.5 (Reid et al., 2024), Claude
3 (Anthropic, 2024), and GPT-4 (Josh Achiam
et al., 2024). More specific to legal texts, generative
models on long contexts are commonly used for le￾gal case outcome prediction (Qin et al., 2024b; Cao
et al., 2024), but long-context generation datasets
on legal cases are largely absent from the literature.
2.3 Long-Document Retrieval
Many state-of-the-art neural retrieval models, be￾cause of their reliance on BERT models (Devlin
et al., 2018), have a context limit of 512 tokens
(Khattab and Zaharia, 2020; Santhanam et al.,
2022; Ren et al., 2021; Karpukhin et al., 2020a).
Accompanied by the advances in long-context
LLMs (Brown et al., 2020; Touvron et al., 2023;
Josh Achiam et al., 2024), there are also rising in￾terests in long-context retrieval models (Fu et al.,
2023; Günther et al., 2023; Wang et al., 2023).
However, existing benchmarks lack insights on how
both BERT-based and long-context models perform
on well-defined legal retrieval tasks (Thakur et al.,
2021; Saad-Falcon et al., 2024; Shen et al., 2022).
3 Dataset Construction
3.1 Dataset Preprocessing
CLERC contains a collection of long case docu￾ments (CLERC/doc) and chunked documents for re￾trieval (CLERC/passage) as well as for generation
(CLERC/generation). We obtain the collection
of raw case documents from CAP (CAP, 2024),
including all federal case law in U.S. history up
to September 21, 2021. To prepare CLERC/doc,
we concatenate all types of opinions (e.g., major￾ity, dissenting, concurring opinions) in every case
document and remove the newline characters. To
prepare CLERC/passage, we split documents into
chunks of 350 words, with a sliding window of 175
words. We discuss the CLERC/generation prepa￾ration process in Section 3.3 in more detail.
Our final dataset consists of 1.84M documents
with over 20.7M total citations, 23.7M passages for
retrieval, and 6k passages for generation. Details
and summary statistics are presented in Table 1.
3.2 Case Retrieval
Query Definition As lawyers write legal analy￾ses, they need to find case documents to support
their texts. To simulate this use case, we define a
query as a block of text, taken from a case docu￾ment, with its citation in the middle (a.k.a the cen￾tral citation) removed. The relevant passage of a
query is defined as the passage its central citation
cites to. We provide both left and right contexts, as
legal analysis involves context from both sides.
Direct and Indirect Queries A case document
may cite another case in the form of a direct quote.
(Review, 2020). We define two kinds of legal
queries based on whether the central citation con￾tains a direct quote (direct) or not (indirect).
Ideally, using only this direct quote to retrieve
should yield an almost perfect accuracy through an
exact string match. We build a heuristic program to
recognize such direct quotes (detailed in Appendix
D.1), and classify queries into direct and indirect
queries. We retrieve with only direct quotes in
Table 5 and Section D.2.
Data Views We define two data views of legal
queries depending on whether all (all-removed)
or only the central (single-removed) citation in-
2 4 6 8 10
0
1
2
3
4
5
6
7
8
Likely Section
Introduction
History and Facts
Law and Reasoning
Citation Density of CLERC/doc
Position of Paragraph (in Deciles of Doc Length)
Number of Citations Per 100 Words in a Paragraph
1.40
3.50
5.22
6.20
6.55 6.56 6.57 6.80
7.24
7.90
Figure 3: Number of citations per 100 words in a para￾graph, arranged by the positions (in deciles) of para￾graphs in the document. Documents tend to cite more
often in later paragraphs. Case law typically has
different sections (e.g. Intro, Facts, Reasoning, etc).
Deciles with the same color code likely belong to the
same general sections of case law..
formation is removed. Since each kind of query
has two data views, this leads to a total of four
categories of queries, illustrated in Figure 2.
Query Construction First, we identify case ci￾tations in documents. For every case citation, we
expand a window of 300 words centered on this
citation to construct a query, as legal analysis uses
context from both sides. We experimented with
various query lengths and found that including 300
words yields the highest recall (summarized in Fig￾ure 4), which indicates that this length provides
enough critical information for retrieving relevant
cases without distracting the models to retrieve
other cases, as we discuss in Section 4.1.2. We
remove the central citation in this paragraph for
single-removed queries and all case citations in
this paragraph for all-removed queries.
Query Extraction To identify the case citation
in a query, we use eyecite (Cushman et al., 2021),
a Regex-based parser that recognizes case citations
from the CAP corpus. We develop a heuristic and
rule-based Python program to detect the sentence
boundary where the case citation is located. We
create the heuristic rules based on the Bluebook
(Review, 2020) (detailed in D.1), which is the stan￾dard citation guide for U.S. legal professionals. We
manually evaluate the extraction accuracy on 1000
sentences and discovered that 87.8% of citation sen￾tences can be accurately identified and removed.
3.3 Legal Analysis Generation
We prepare CLERC/generation to assess the abil￾ity of LLMs to generate realistic legal analyses
from previously written text and given references.
To evaluate the generation quality, we feed in the
preceding contexts of a target analytical paragraph
(reference) and other relevant cases cited by the
paragraph, prompt LLMs to generate a new analyt￾ical paragraph, and compare the generation with
the reference from the original document.
Analytical Paragraphs Identification We ob￾serve that case documents usually start with intro￾ducing the basic facts about the cases, and then
make multiple legal analyses while citing other rel￾evant cases (see Figure 5) (Lippmann, 2018). To
prepare the reference for evaluating analysis gen￾eration, we only use paragraphs (blocks of text
separated by newline characters) containing legal
analyses and discard the rest.
Our rule of thumb to determine if a paragraph
is a suitable reference is whether it has a large
number of case citations, as the analytical claims
are supported by case. In Figure 3, we plot the
trend of citation density in case law documents
(only the majority opinion), discovering that cases
cite more often, which is consistent with our prior
observation.
Reference Selection We sample analytical para￾graphs from case texts as reference for evaluating
analysis generation. As we observe that analysis
tends to occur in later paragraphs of a case doc￾ument, we randomly sample from the last 33.3%
of all paragraphs but exclude the last two para￾graphs (which are usually short conclusions) and
paragraphs with fewer than two case citations.
Input Preparation After we sample the refer￾ence paragraph, we take all texts preceding the
reference as a part of the input. We concatenate the
most salient passages of relevant cases cited by the
reference paragraph, whose chunks are selected via
RankLlaMa (Ma et al., 2023).
4 Experiments
In this section, we present experiment results of le￾gal citation retrieval (Section 4.1) and legal analysis
generation (Section 4.2) with the proposed CLERC.
4.1 Finding Legal Citations
Task Formulation Given a query paragraph q
with a central citation sentence s with left and right
Dataset Statistic # instances (M) Avg len (words)
CLERC/doc 1.84 2279
CLERC/passage 23.7 350
CLERC/queries 0.105 300
CLERC 25.5 N/A
LePaRD 0.375 200 char
ECtHR-PCR 0.015 5530
LeCaRDv2 0.055 4766
CLERC/generation 0.006 3371
Table 1: Dataset statistics. CLERC has the largest doc￾ument and passage combined collection compared to
other legal retrieval datasets (Li et al., 2024; Mahari
et al., 2023; T.Y.S.S et al., 2024). Additionally, CLERC
contributes a novel subset for legal analysis generation.
Type R@5 R@10 R@100 R@1K nDCG@10
ISR 7.9 11.8 27.6 48.3 5.4
IAR 7.5 11.1 25.1 43.9 5.2
DSR 7.0 11.0 26.7 48.5 5.0
DAR 6.8 9.88 24.9 46.3 4.6
Table 2: Retrieval results of BM25 with different types
of CLERC queries. I stands for indirect, D for direct,
SR for single-removed, and AR for all-removed.
E.g. ISR refers to indirect single-removed. All
numbers are in percentage. R@X represents Recall@X.
ISR queries are the easiest queries to retrieve and
are used for our main retrieval experiments.
contexts l and r (q = l ◦ s ◦ r, where ◦ indicates
string concatenation), retrieve the relevant cited
passages or documents R = {da, ..., db} from a
collection D = {d1, ...dN }.
4.1.1 Experimental Setup
Metrics and Data We benchmark the perfor￾mance of popular retrieval methods and models
in Table 3 and evaluate with Recall@10, 100,
1000, and nDCG@10. We evaluate with 2851
indirect single-removed queries and provide
ablation studies on the effect of query types and
lengths in Table 2 and Figure 4.
Late Interaction Models We run ColBERTv2
(Santhanam et al., 2022) and long-context Jina￾ColBERT (Günther et al., 2023) experiments with
the PLAID-X implementation (Yang et al., 2024).
Due to the large size of the collection and GPU
memory required by ColBERT indexing, we split
CLERC/doc and CLERC/passage into four shards
for processing. For ColBERTv2, which has a con￾text limit of 512 tokens,6 we conduct passage-level
6ColBERT generally assumes a max query token limit of
32, which we remove to incorporate our longer queries.
200 400 600 800 1000
0
10
20
30
40
50
R@1000
R@100
R@10
Recall of Queries with Different Lengths
Query Length (# words)
Recall
Figure 4: Retrieval results of BM25 with CLERC queries
of length 100 to 1000 words. R@X represents Re￾call@X. Queries with 300 words maximize recall and
are used for our main experiments.
retrieval and aggregate the scores by taking the
highest-ranking passage of a document to represent
the overall document score (MaxP) (Zhang et al.,
2021). For long-context ColBERT, we perform
and evaluate document-level retrieval and truncate
documents over the context lengths (2048, 4096).
Bi-Encoders We also benchmark the perfor￾mance of state-of-the-art Bi-Encoders, including
BGE-large-en-v1.5 (Xiao et al., 2023), E5-large-v2
(Wang et al., 2022), Contriever-MSMarco (Izacard
et al., 2021). For DPR models, we adopt the Teva￾tron pipeline (Gao et al., 2022) and evaluate the
base DPR model (Karpukhin et al., 2020b) trained
on QA datasets. We also fine-tune BERT-base￾uncased7
(Devlin et al., 2018) and LegalBERT8
(Holzenberger et al., 2020) on 327K triples from
CLERC/passage for 10 epochs with a temperature
of 0.01 and a learning rate of 10−4
, with a con￾trastive learning-to-rank objective.
Compute Please see Appendix A for the com￾pute setup and hours of the experiments.
4.1.2 Ablation Studies
Query Types We run retrieval experiments with
BM25 on all four types of CLERC queries. Table 2
shows that single-removed are the easiest queries
to retrieve, whereas all-removed queries remove
non-central case citations and lose additional con￾textual information contained by them.
7
https://huggingface.co/jhu-clsp/
BERT-DPR-CLERC-ft
8
https://huggingface.co/jhu-clsp/
LegalBERT-DPR-CLERC-ft
Type Params Length Model
Metrics
R@10 ↑ R@100 ↑ R@1K ↑ nDCG@10 ↑
Sparse N/A N/A BM25 11.7 27.8 48.3 5.40
Late Interaction
110M 512 ColBERTv2 2.2 7.1 17.6 1.05
110M 2048 Jina-ColBERT-v1-en 2.1 5.8 14.2 1.15
110M 4096 Jina-ColBERT-v1-en 2.2 6.9 16.1 1.19
Bi-Encoders
110M 512 DPR 4.9 13.1 26.2 2.24
110M 512 BGE En v1.5 7.7 23.2 42.4 3.43
110M 512 E5 v2 8.4 24.3 42.3 3.67
110M 512 Contriever-MSMarco 9.3 24.8 41.4 4.22
Fine-Tuned 110M 512 ft-DPR 18.6 40.9 63.1 11.59
110M 512 ft-LegalBERT DPR 23.2 46.9 68.5 14.67
Table 3: Retrieval results on CLERC/doc and CLERC/passage, evaluated with Recall@10, @100, @1000 and
nDCG@10. Overall, zero-shot models are particularly bad due to distribution shifts between standard retrieval
training data and the legal domain (Section 5.1). Models fine-tuned on legal data show effectively improved results.
Model R1 ×100 ↑ R2×100 ↑ RL×100 ↑ BF ↑ CR ×100 ↑ CP×100 ↑ CFP×100 ↓
Mistral-7B-v0.3 23.78 / 18.48 8.00 / 4.63 21.89 / 16.78 -3.35 / -3.57 42.67 / 0.32 32.65 / 0.70 5.27 / 25.28
gemma-1.1-7b-it 18.33 / 16.82 5.28 / 3.99 16.70 / 14.81 -3.71 / -3.62 37.22 / 0.00 36.59 / 0.00 4.34 / 84.62
GPT-4o 26.82 / 19.87 10.04 / 5.56 24.89 / 17.93 -3.33 / -3.64 89.87 / 3.28 52.84 / 7.66 6.41 / 71.49
Llama-3 25.16 / 18.68 8.91 / 4.68 23.42 / 16.86 -3.16 / -3.48 62.64 / 0.07 33.41 / 0.84 4.60 / 7.17
Avg Score 18.55 4.73 16.71 -3.52 0.84 2.13 40.64
+ ref 23.50 7.96 21.70 -3.38 54.88 36.39 5.13
Avg Gain (%) + 26.63 + 68.08 + 29.87 + 3.98 + 6471.43 + 1603.76 - 87.37
Table 4: Analysis generation results on CLERC/generation, evaluated with F-scores of ROUGE and BARTScore
(BF), CR, CP, and CFP. All models are instruct versions, and Llama-3 is shortened from Meta-Llama-3-8B-Instruct.
Left / right column results correspond to prompting with / without the texts of cited cases. GPT-4o generates
analyses with the highest ROUGE F-scores but hallucinates the most. Prompting with cited cases shows
effective improvement across all metrics, especially boosting CR and CP and lowering CFP, making more factual
citations in generations.
Query Length We also evaluate the effect of
query length on BM25 across the range of 100
to 1000 words. Figure 4 shows that longer query
length improves recall and maximizes it at 300
words. Queries with more than 300 words are
harder to retrieve, since as length increases, there
are also more distracting contextual information
about non-central citations that cause the retriever
to find irrelevant passages (see Section 5.1 for ex￾amples and qualitative analysis). Another limita￾tion of increased query length is that it will raise the
computational cost and storage, which is especially
challenging to token-level late-interaction models
like ColBERT (Khattab and Zaharia, 2020).
4.1.3 Main Results and Analysis
We show main results of the retrieval task in Ta￾ble 3. Overall, we see that no zero-shot model
scores higher than 50% R@1K, indicating poor
performance at retrieving case citations. Due to
the large size of the corpus, we find that late inter￾action models like ColBERTv2 (Santhanam et al.,
2022) perform the worst, followed by Bi-Encoder
models which score around 42% R@1K. BM25
performs the best at 48.3% R@1K among all zero￾shot models. We show later in Section 5.1 that this
poor performance is due to domain shift to legal
text and the struggles of models with long queries.
Domain shift can be alleviated through train￾ing: fine-tuning BERT-base with the DPR architec￾ture on CLERC’s training set, we find a 36+ percent
gain in R@1K, indicating that training on longer
queries and legal text effectively improves perfor￾mance in legal case retrieval, and it achieves the
second highest performance after fine-tuned Legal￾BERT DPR, which is based on a model pretrained
with legal texts (Holzenberger et al., 2020) and
experiences less domain shift.
We also experiment with multiple Cross￾Encoders and attach the results and analysis in D.3.
4.2 Generating Legal Analyses from Citations
Task Formulation Suppose a case document
consisting of paragraphs {p1, p2, . . . , pN }, given
FINDINGS OF FACT AND CONCLUSIONS OF LAW
PAEZ, District Judge.
I. INTRODUCTION
The Board of Trustees of the Aircondi-tioning and Refrigeration Industry Health and Welfare Trust Fund (“Health Fund”),
the Board of Trustees of the Aircondition-ing and Refrigeration Industry Retirement Trust Fund (“Retirement Fund”), and
the Board of Trustees of the Airconditioning and Refrigeration Industry Defined Contribution Retirement Plan (“401(k)
Plan”) (collectively, the “Trust Funds”) brought this action against J.R.D. Mechanical Services, Inc. ...(Omitted for brevity)...
II. FINDINGS OF FACT
1. Defendant J.R.D. is a California corporation and at all material times was an employer within the meaning of section 3(5)
of ERISA, 29 U.S.C. § 1002(5) ...(Omitted for brevity)...
III. CONCLUSIONS OF LAW
Based on the forgoing findings of fact, the Court makes the following conclusions of law: ...(Omitted for brevity)...
“‘Any’ control over disposition of plan money makes the person who has the control a fiduciary.” IT Corp. v. General Am.
Life Ins. Co., 107 F.3d 1415, 1421 (9th Cir.1997), cert. denied, 522 U.S. 1068, 118 5.Ct. 738, 139 L.Ed.2d 675 (1998).
Thus, “a person with authority to direct payment of a plan’s money [is] deemed a fiduciary.” Id. Divers’ status as a corporate
officer does not exempt him from liability. See Kayes v. Pacific Lumber Co., 51 F.3d 1449, 1459 (9th Cir.1995) (“This court
has held corporate officers to be liable as fiduciaries on the basis of their conduct and authority with respect to ERISA
plans.”). Rather, he is liable because, as established by the factual findings, he exercised authority and control over the
management and disposition of the Trust Funds’ assets.
...(Omitted for brevity)...
Figure 5: Example case document (99 F. Supp. 2d 1115). Blue texts are analytical texts and italicized texts are
case citations. This is a typical case document which starts with introductions and facts (I and II) about the
case and then dives into legal analyses and reasoning at later paragraphs (III). See casetext link for full text:
https://casetext.com/case/board-of-trustees-of-aircondition-v-jrd-mech.
Rt = {r1, r2, ...rT }, a set of relevant passages
or documents, and a prefix of case document
(p1, p2, . . . , pt−1), a model is asked to continue
to generate the next paragraph pˆt
. The genera￾tion quality is measured by the similarity between
pt and pˆt
. In practice, the gold paragraph pt
is
randomly sampled from the last third of the para￾graphs, i.e. ⌊
2N
3
⌋ ≤ t ≤ N − 2, and Rt
is selected
as the citations used in pt
.
4.2.1 Experimental Setup
Citation Metrics To measure the faithfulness
and degree of hallucination of legal analysis gen￾eration, we adopt Citation Recall (CR) and Cita￾tion Precision (CP) from Liu et al. (2023) and also
propose Citation False Positive rate (CFP). Sup￾pose a piece of generated text contains citations
{c1, . . . , cM} and a set of citations that should be
cited, Cr, we define the following metrics:
CR =
PM
i 1 [ci ∈ Cr]
|Cr|
CP =
PM
i 1 [ci ∈ Cr]
M
CFP = 1 −
PM
i 1
h
ci ∈ Cr ∨
Wt−1
j=1 ci ⊑ pj
i
M
where 1 is the indicator function, and a ⊑ b in￾dicates that a is a substring of b. CR measures
the fraction of relevant citations being generated,
and CP measures the fraction of generated cita￾tions being relevant. CFP measures the fraction of
the generated citations being hallucinated, which
means that they come from unlisted sources. See
an example calculation in Figure 8.
Metrics, Data, and Models We evaluate le￾gal analysis generation with ROUGE (Lin, 2004),
BARTScore (Yuan et al., 2021), CP, CR, and CFP.
We run greedy generations on the test set (1k in￾stances) of CLERC/generation with Meta-Llama￾3-8B-Instruct,9 Mistral-7B-Instruct-v0.3 (Jiang
et al., 2023), GPT-4o (Josh Achiam et al., 2024),
and Gemma-1.1-7b-it (Reid et al., 2024). We use
FastChat (Zheng et al., 2023) to host the open
source models and the OpenAI API to access GPT￾4o.10 All the experiments are done using greedy
decoding with a temperature of 1. Readers may
refer to Appendix C for the prompts used.
Ablation study To study the effect of retrieved
cases on generation, we perform an ablation
study by not providing any citation documents
to the model. The model is asked to generate
the text solely based on the previous text, i.e.
(p1, p2, . . . , pt−1).
9
https://github.com/meta-llama/llama3
10https://platform.openai.com/playground
4.2.2 Results and Analysis
Table 4 shows results of analysis generation on
CLERC/generation. GPT-4o overall demonstrates
the highest performance in terms of F-scores of
ROUGE, CP, and CR, while Meta-Llama-3-8B￾Instruct scores highest in BARTScore and second￾highest across multiple metrics.
Under the full prompt, GPT-4o hallucinates
the most, as reflected by its CFP score (see Figure
8). Gemma-1.1-7b-it achieves both the minimum
CFP with the full prompt and the worst CFP with
the shortened prompt, which shows that it is most
sensitive to prompting under our setting.
Prompting with the texts of cited cases effec￾tively boosts performance, helping models cite
more comprehensively, precisely, and with less hal￾lucination, which is crucial for legal writing.
However, even with the full prompt, generations
have low CP and CR and considerably high CFP,
which is concerning for legal applications. More￾over, CP, CR, and CFP overestimate analysis
quality. As we will discuss in Section 5.2, high
scores on the citation metrics do not imply that
outputs are factual and analytically sound.
5 Discussion
5.1 Limitations in Case Retrieval
We analyze why popular retrieval models struggle
on the CLERC retrieval task, as shown in Table 3.
As an example, consider this shortened query:
· · · (Omitted for brevity) · · · St. Paul Reins. Co.,
Ltd. v. Commercial Fin. Corp., 198 F.R.D. 508,
512 (N.D.Iowa 2000) (Boilerplate objections, in￾cluding that a particul ar document request was
oppressive, burdensome and harassing, were “[i]n
eve ry respect ... textbook examples of what
federal courts have routinely deeme d to be im￾proper objections.”) · · · (Omitted for brevity) · · ·
Elk Run’s Second Set of Interrogatories The court
notes that Plaintiffs answers to Elk Run’s second
set of interrogatories are utterly deficient because
they are not answered under oath, signed by the
person making the answers as required by Rule
33(b)(1) of the Federal Rules of Civil Procedure
and REDACTED In addition to the deficiency
outlined above, the court finds that the answers
to interrogatory numbers 1 and 2 are inadequate,
unresponsive, and inconsistent with the require￾ments of Rule 33. · · · (Omitted for brevity) · · ·
where REDACTED is a placeholder for the re￾moved central citation sentence, and we highlight
underlined red words as “distractor” words.
After examining the full texts of top-ranked re￾sults when searching with BM25, we discover that
models can be easily be “distracted” and re￾trieve non-central citations, usually due to the
many overlaps of distractor words. In the highest
ranked case, 228 F.R.D. 536, the word “Elk Run”
appears 45 times, which is the name of a sued com￾pany in the referenced case. In the second-highest
case, 309 F.R.D. 476, the word “Boilerplate” ap￾pears 67 times, whereas “Boilerplate objection” is a
common type of objection raised in court (Baicker￾McKee and Janssen, 2022). These distractor words
are often common words and legal jargon, which
can have many occurrences in irrelevant documents
and make it harder for popular models to retrieve.
Hence, this domain shift (and our results in Table 3)
show how important fine-tuning on legal data is for
legal retrieval models.
5.2 Limitations in Analysis Generation and
Metrics
As discussed in Section 4.2.2, the current mod￾els struggle on the citation metrics. However, we
show an example to illustrate that scoring high
on current citation metrics does not imply good
generation quality. We sample and show a frag￾ment of gold paragraph from 99 F. Supp. 2d 1115
(C.D. Cal. 1999) in Figure 5:
Divers’ status as a corporate officer does not ex￾empt him from liability. See Kayes v. Pacific
Lumber Co., 51 F.3d 1449, 1459 (9th Cir.1995)
where the red italicized texts describe the analytical
claim, supported by the case citation in blue. On
the other hand, Llama-3-8B outputs:
As previously stated, 29 U.S.C. § 1002(21)(A)
defines a fiduciary as a person who exercises any
authority or control respecting management or
disposition of [a plan’s] assets. P51 F.3d 1449,
1459 (9th Cir.1995).
While the generation makes the correct citation
(“P51 F.3d 1449, 1459 (9th Cir.1995)”) and scores
high on the citation metrics, it fails to generate
an analytical claim that can be supported by
the citation. From the gold paragraph, the citation
should support the claim “corporate officer has lia￾bility.” However, the generated claim only defines
what a fiduciary is, which was already defined in
the previous context, rather than conveying useful
new information for reasoning. See an additional
example of GPT-4o hallucination in Appendix E.
Therefore, we welcome the development of auto￾mated metrics that focus on evaluating the factual
recall aspect of text generation. One such approach
could be extending metrics such as FActScore (Min
et al., 2023) to the legal domain. However, as ex￾tracting the legal analyses itself is non-trivial in the
legal domain, we leave this to future work.
6 Conclusion
Case law data is a high-quality resource for build￾ing intelligence systems to assist legal profession￾als. Through an interdisciplinary effort with legal
professionals, we transform the digitized corpus
of case law (CAP, 2024) into CLERC, a dataset
designed for training and evaluating models on
long-context case retrieval and analysis generation
tasks. We hope our work opens the gate for more
exciting discoveries in AI built with legal text data.
7 Limitations
Our work provides an initial step into developing
systems that can aid legal professionals. However,
as we’ve shown, current systems are not well-suited
to helping legal professionals on these tasks at the
current moment, even those that are fine-tuned.
We use the legal data provided by CAP, which
gathered the data through OCR. As such, our data
may contain small OCR errors, although our analy￾sis has found it to be generally of high quality.
Ethical Considerations
In this work, we curate our dataset based on the
corpus of historical U.S. federal case law. How￾ever, past case law might contain racisim, sexism,
and all other ideologies that people have consid￾ered controversial or undesirable for society and
people’s well-being. Building legal intelligence
systems on case law data has the risk of propagat￾ing such historical biases and ideologies, which we
caution the NLP community to be aware of and
encourage future endeavors to address.
Acknowledgement
This work was supported in part by the U.S. Na￾tional Science Foundation under grant 2204926.
Opinions, findings, and conclusions or recommen￾dations expressed in this article come from the
authors and do not reflect the views of the National
Science Foundation. We alsothank Amy Wang for
her advice on the visual designs in this paper.
References
Anthropic. 2024. The Claude 3 Model Family: Opus,
Sonnet, Haiku.
Arian Askari, Suzan Verberne, O Alonso, S Marchesin,
M Najork, and G Silvello. 2021. Combining lexical
and neural retrieval with longformer-based summa￾rization for effective case law retrieval. In DESIRES,
pages 162–170.
Steven Baicker-McKee and William M. Janssen. 2022.
Federal Civil Rules Handbook. Thomson Reuters.
Iz Beltagy, Matthew E. Peters, and Arman Cohan. 2020.
Longformer: The Long-Document Transformer.
David C Blair and Melvin E Maron. 1985. An evalua￾tion of retrieval effectiveness for a full-text document￾retrieval system. Communications of the ACM,
28(3):289–299.
Tom B. Brown, Benjamin Mann, Nick Ryder, Melanie
Subbiah, Jared Kaplan, Prafulla Dhariwal, Arvind
Neelakantan, Pranav Shyam, Girish Sastry, Amanda
Askell, Sandhini Agarwal, Ariel Herbert-Voss,
Gretchen Krueger, Tom Henighan, Rewon Child,
Aditya Ramesh, Daniel M. Ziegler, Jeffrey Wu,
Clemens Winter, Christopher Hesse, Mark Chen, Eric
Sigler, Mateusz Litwin, Scott Gray, Benjamin Chess,
Jack Clark, Christopher Berner, Sam McCandlish,
Alec Radford, Ilya Sutskever, and Dario Amodei.
2020. Language models are few-shot learners.
Aydar Bulatov, Yuri Kuratov, and Mikhail S. Burtsev.
2022. Recurrent Memory Transformer. In Proceed￾ings of Conference on Neural Information Processing
Systems (NeurIPS).
Lang Cao, Zifeng Wang, Cao Xiao, and Jimeng Sun.
2024. PILOT: Legal Case Outcome Prediction with
Case Law.
CAP. 2024. Caselaw access project.
Shouyuan Chen, Sherman Wong, Liangjian Chen, and
Yuandong Tian. 2023. Extending Context Window of
Large Language Models via Positional Interpolation.
Krzysztof Choromanski, Valerii Likhosherstov, David
Dohan, Xingyou Song, Andreea Gane, Tamas Sar￾los, Peter Hawkins, Jared Davis, Afroz Mohiuddin,
Lukasz Kaiser, David Belanger, Lucy Colwell, and
Adrian Weller. 2021. Rethinking Attention with Per￾formers. In Proceedings of International Conference
on Learning Representations (ICLR).
Jack Cushman, Matthew Dahl, and Michael Lissner.
2021. eyecite: A tool for parsing legal citations.
Journal of Open Source Software, 6(66):3617.
Matthew Dahl, Varun Magesh, Mirac Suzgun, and
Daniel E. Ho. 2024. Large legal fictions: Profiling
legal hallucinations in large language models. ArXiv,
abs/2401.01301.
Zihang Dai, Zhilin Yang, Yiming Yang, Jaime Car￾bonell, Quoc Le, and Ruslan Salakhutdinov. 2019.
Transformer-XL: Attentive language models beyond
a fixed-length context. In Proceedings of the 57th
Annual Meeting of the Association for Computational
Linguistics, pages 2978–2988, Florence, Italy. Asso￾ciation for Computational Linguistics.
Jacob Devlin, Ming-Wei Chang, Kenton Lee, and
Kristina Toutanova. 2018. Bert: Pre-training of deep
bidirectional transformers for language understand￾ing. arXiv preprint arXiv:1810.04805.
Zican Dong, Tianyi Tang, Junyi Li, Wayne Xin Zhao,
and Ji-Rong Wen. 2024. BAMBOO: A Comprehen￾sive Benchmark for Evaluating Long Text Modeling
Capacities of Large Language Models. In Proceed￾ings of Language Resources and Evaluation Confer￾ence (LREC).
Esingbemi Princewill Ebietomere and Godspower Os￾aretin Ekuobase. 2019. A semantic retrieval system
for case law. Applied Computer Systems, 24(1):38–
48.
Daniel Y Fu, Simran Arora, Jessica Grogan, Isys John￾son, Sabri Eyuboglu, Armin W Thomas, Benjamin
Spector, Michael Poli, Atri Rudra, and Christopher
Ré. 2023. Monarch mixer: A simple sub-quadratic
gemm-based architecture. In Advances in Neural
Information Processing Systems.
Luyu Gao, Xueguang Ma, Jimmy J. Lin, and Jamie
Callan. 2022. Tevatron: An efficient and flexible
toolkit for dense retrieval. ArXiv, abs/2203.05765.
Joseph Gesnouin, Yannis Tannier, Christophe Gomes Da
Silva, Hatim Tapory, Camille Brier, Hugo Simon,
Raphael Rozenberg, Hermann Woehrel, Mehdi El
Yakaabi, Thomas Binder, Guillaume Marie, Emilie
Caron, Mathile Nogueira, Thomas Fontas, Laure Puy￾debois, Marie Theophile, Stephane Morandi, Mael
Petit, David Creissac, Pauline Ennouchy, Elise Vale￾toux, Celine Visade, Severine Balloux, Emmanuel
Cortes, Pierre-Etienne Devineau, Ulrich Tan, Es￾ther Mac Namara, and Su Yang. 2024. Llamande￾ment: Large language models for summarization of
french legislative proposals. ArXiv, abs/2401.16182.
Randy Goebel, Yoshinobu Kano, Mi-Young Kim, Ju￾liano Rabelo, Ken Satoh, and Masaharu Yoshioka.
2024. Overview and discussion of the competition
on legal information, extraction/entailment (coliee)
2023. The Review of Socionetwork Strategies.
Neel Guha, Julian Nyarko, Daniel E. Ho, Christo￾pher Ré, Adam Chilton, Aditya Narayana, Alex
Chohlas-Wood, Austin Peters, Brandon Waldon,
Daniel N. Rockmore, Diego Zambrano, Dmitry Tal￾isman, Enam Hoque, Faiz Surani, Frank Fagan, Galit
Sarfaty, Gregory M. Dickinson, Haggai Porat, Jason
Hegland, Jessica Wu, Joe Nudell, Joel Niklaus, John
Nay, Jonathan H. Choi, Kevin Tobia, Margaret Hagan,
Megan Ma, Michael Livermore, Nikon Rasumov￾Rahe, Nils Holzenberger, Noam Kolt, Peter Hender￾son, Sean Rehaag, Sharad Goel, Shang Gao, Spencer
Williams, Sunny Gandhi, Tom Zur, Varun Iyer, and
Zehua Li. 2023. Legalbench: A collaboratively built
benchmark for measuring legal reasoning in large
language models. Preprint, arXiv:2308.11462.
Michael Günther, Georgios Mastrapas, Bo Wang, Han
Xiao, and Jonathan Geuter. 2023. Jina embeddings:
A novel set of high-performance sentence embed￾ding models. In Proceedings of the 3rd Workshop for
Natural Language Processing Open Source Software
(NLP-OSS 2023), pages 8–18, Singapore. Associa￾tion for Computational Linguistics.
Peter Henderson, Mark Krass, Lucia Zheng, Neel Guha,
Christopher Manning, Dan Jurafsky, and Daniel E
Ho. 2022. Pile of law: Learning responsible data
filtering from the law and a 256gb open-source legal
dataset.
Nils Holzenberger, Andrew Blair-Stanek, and Ben￾jamin Van Durme. 2020. A dataset for statutory
reasoning in tax law entailment and question answer￾ing. In NLLP@KDD.
Gautier Izacard, Mathilde Caron, Lucas Hosseini, Se￾bastian Riedel, Piotr Bojanowski, Armand Joulin,
and Edouard Grave. 2021. Unsupervised dense infor￾mation retrieval with contrastive learning.
Albert Qiaochu Jiang, Alexandre Sablayrolles, Arthur
Mensch, Chris Bamford, Devendra Singh Chap￾lot, Diego de Las Casas, Florian Bressand, Gi￾anna Lengyel, Guillaume Lample, Lucile Saulnier,
L’elio Renard Lavaud, Marie-Anne Lachaux, Pierre
Stock, Teven Le Scao, Thibaut Lavril, Thomas Wang,
Timothée Lacroix, and William El Sayed. 2023. Mis￾tral 7b. ArXiv, abs/2310.06825.
Hang Jiang, Xiajie Zhang, Robert Mahari, Daniel
Kessler, Eric Ma, Tal August, Irene Li, Alex ’Sandy’
Pentland, Yoon Kim, Jad Kabbara, and Deb Roy.
2024. Leveraging large language models for learning
complex legal concepts through storytelling. ArXiv,
abs/2402.17019.
Josh Achiam, Steven Adler, Sandhini Agarwal, and et
al. 2024. GPT-4 Technical Report.
Vladimir Karpukhin, Barlas Oguz, Sewon Min, Patrick
Lewis, Ledell Wu, Sergey Edunov, Danqi Chen, and
Wen-tau Yih. 2020a. Dense passage retrieval for
open-domain question answering. In Proceedings
of the 2020 Conference on Empirical Methods in
Natural Language Processing (EMNLP), pages 6769–
6781, Online. Association for Computational Lin￾guistics.
Vladimir Karpukhin, Barlas Oguz, Sewon Min, Patrick ˘
Lewis, Ledell Yu Wu, Sergey Edunov, Danqi Chen,
and Wen tau Yih. 2020b. Dense passage re￾trieval for open-domain question answering. ArXiv,
abs/2004.04906.
Omar Khattab and Matei Zaharia. 2020. Colbert: Ef￾ficient and effective passage search via contextual￾ized late interaction over BERT. In Proceedings of
the 43rd International ACM SIGIR conference on
research and development in Information Retrieval,
SIGIR 2020, Virtual Event, China, July 25-30, 2020,
pages 39–48. ACM.
Patrick Lewis, Ethan Perez, Aleksandra Piktus, Fabio
Petroni, Vladimir Karpukhin, Naman Goyal, Hein￾rich Kuttler, Mike Lewis, Wen-tau Yih, Tim Rock￾taschel, Sebastian Riedel, and Douwe Kiela. 2020.
Retrieval-Augmented Generation for Knowledge￾Intensive NLP Tasks. In Proceedings of Confer￾ence on Neural Information Processing Systems
(NeurIPS).
Dacheng Li, Rulin Shao, Anze Xie, Ying Sheng, Lian￾min Zheng, Joseph E Gonzalez, Ion Stoica, Xuezhe
Ma, and Hao Zhang. 2023. How Long Can Context
Length of Open-Source LLMs truly Promise? In
Proceedings of Workshop on Instruction Tuning and
Instruction Following.
Haitao Li, Yunqiu Shao, Yueyue Wu, Qingyao Ai, Yix￾iao Ma, and Yiqun Liu. 2024. Lecardv2: A large￾scale chinese legal case retrieval dataset. ArXiv
preprint.
Quanzhi Li and Qiong Zhang. 2021. Court opinion
generation from case fact description with legal basis.
In AAAI Conference on Artificial Intelligence.
Chin-Yew Lin. 2004. Rouge: A package for automatic
evaluation of summaries. In Annual Meeting of the
Association for Computational Linguistics.
Chun-Hsien Lin and Pu-Jen Cheng. 2024. Legal docu￾ments drafting with fine-tuned pre-trained large lan￾guage model. Software Engineering & Trends.
Matthew Lippmann. 2018. Criminal Procedure, 3rd
edition. SAGE Publications, Inc, Thousand Oaks,
CA.
Nelson F. Liu, Kevin Lin, John Hewitt, Ashwin Paran￾jape, Michele Bevilacqua, Fabio Petroni, and Percy
Liang. 2024. Lost in the Middle: How Language
Models Use Long Contexts. Transactions of the Asso￾ciation for Computational Linguistics (TACL), pages
157–173.
Nelson F. Liu, Tianyi Zhang, and Percy Liang. 2023.
Evaluating verifiability in generative search engines.
ArXiv, abs/2304.09848.
Daniel Locke and Guido Zuccon. 2022. Case law
retrieval: problems, methods, challenges and eval￾uations in the last 20 years. arXiv preprint
arXiv:2202.07209.
Xueguang Ma, Liang Wang, Nan Yang, Furu Wei, and
Jimmy Lin. 2023. Fine-tuning llama for multi-stage
text retrieval. ArXiv, abs/2310.08319.
Yixiao Ma, Yunqiu Shao, Yueyue Wu, Yiqun Liu,
Ruizhe Zhang, Min Zhang, and Shaoping Ma. 2021.
Lecard: A legal case retrieval dataset for chinese law
system. In Proceedings of the 44th International
ACM SIGIR Conference on Research and Develop￾ment in Information Retrieval, pages 2342–2348.
Varun Magesh, Faiz Surani, Matthew Dahl, Mirac Suz￾gun, Christopher D. Manning, and Daniel E. Ho.
2024. Hallucination-free? assessing the reliability of
leading ai legal research tools.
Robert Mahari. 2021. Autolaw: Augmented legal rea￾soning through legal precedent prediction. ArXiv,
abs/2106.16034.
Robert Mahari, Dominik Stammbach, Elliott Ash, and
Alex’Sandy’ Pentland. 2023. Lepard: A large-scale
dataset of judges citing precedents. arXiv preprint.
Sewon Min, Kalpesh Krishna, Xinxi Lyu, Mike Lewis,
Wen-tau Yih, Pang Koh, Mohit Iyyer, Luke Zettle￾moyer, and Hannaneh Hajishirzi. 2023. FActScore:
Fine-grained atomic evaluation of factual precision
in long form text generation. In Proceedings of the
2023 Conference on Empirical Methods in Natural
Language Processing, pages 12076–12100, Singa￾pore. Association for Computational Linguistics.
Rodrigo Nogueira, Zhiying Jiang, Ronak Pradeep, and
Jimmy J. Lin. 2020. Document ranking with a pre￾trained sequence-to-sequence model. In Findings.
Guanghui Qin, Yukun Feng, and Benjamin Van Durme.
2023. The NLP task effectiveness of long-range
transformers. In Proceedings of the 17th Conference
of the European Chapter of the Association for Com￾putational Linguistics, pages 3774–3790, Dubrovnik,
Croatia. Association for Computational Linguistics.
Guanghui Qin, Corby Rosset, Ethan C Chau, Nikhil Rao,
and Benjamin Van Durme. 2024a. Dodo: Dynamic
contextual compression for decoder-only lms. In
Proceedings of the 2024 Conference on Association
for Computational Linguistics (ACL).
Weicong Qin, Zelin Cao, Weijie Yu, Zihua Si, Sirui
Chen, and Jun Xu. 2024b. Explicitly Integrating
Judgment Prediction with Legal Document Retrieval:
A Law-Guided Generative Approach.
Machel Reid, Nikolay Savinov, Denis Teplyashin, and
et al. 2024. Gemini 1.5: Unlocking multimodal un￾derstanding across millions of tokens of context.
Ruiyang Ren, Yingqi Qu, Jing Liu, Wayne Xin Zhao,
QiaoQiao She, Hua Wu, Haifeng Wang, and Ji-Rong
Wen. 2021. RocketQAv2: A joint training method
for dense passage retrieval and passage re-ranking.
In Proceedings of the 2021 Conference on Empiri￾cal Methods in Natural Language Processing, pages
2825–2835, Online and Punta Cana, Dominican Re￾public. Association for Computational Linguistics.
Columbia Law Review. 2020. The Bluebook: A Uni￾form System of Citation. The Harvard LawReview
Association Gannett House, 1511 Massachusetts Av￾enue Cambridge, Massachusetts 02138 U.S.A.
Jon Saad-Falcon, Daniel Y. Fu, Simran Arora, Neel
Guha, and Christopher Ré. 2024. Benchmarking and
building long-context retrieval models with loco and
m2-bert. arXiv preprint arXiv:2402.07440.
Keshav Santhanam, Omar Khattab, Jon Saad-Falcon,
Christopher Potts, and Matei Zaharia. 2022. Col￾BERTv2: Effective and efficient retrieval via
lightweight late interaction. In Proceedings of the
2022 Conference of the North American Chapter of
the Association for Computational Linguistics: Hu￾man Language Technologies, pages 3715–3734, Seat￾tle, United States. Association for Computational
Linguistics.
T. Y. S. S. Santosh, Rashid Haddad, and Matthias Grab￾mair. 2024. Ecthr-pcr: A dataset for precedent un￾derstanding and prior case retrieval in the european
court of human rights. In Proceedings of the 2024
Joint International Conference on Computational
Linguistics, Language Resources and Evaluation,
LREC/COLING 2024, 20-25 May, 2024, Torino, Italy,
pages 5473–5483. ELRA and ICCL.
Uri Shaham, Elad Segal, Maor Ivgi, Avia Efrat, Ori
Yoran, Adi Haviv, Ankit Gupta, Wenhan Xiong,
Mor Geva, Jonathan Berant, and Omer Levy. 2022.
SCROLLS: Standardized CompaRison over long lan￾guage sequences. In Proceedings of the 2022 Con￾ference on Empirical Methods in Natural Language
Processing, pages 12007–12021, Abu Dhabi, United
Arab Emirates. Association for Computational Lin￾guistics.
Zejiang Shen, Kyle Lo, Lauren Jane Yu, Nathan
Dahlberg, Margo Schlanger, and Doug Downey.
2022. Multi-lexsum: Real-world summaries of
civil rights lawsuits at multiple granularities. ArXiv,
abs/2206.10883.
Jianlin Su, Murtadha Ahmed, Yu Lu, Shengfeng Pan,
Wen Bo, and Yunfeng Liu. 2024. RoFormer: En￾hanced transformer with Rotary Position Embedding.
Neurocomputing, page 127063.
Yi Tay, Mostafa Dehghani, Samira Abnar, Yikang Shen,
Dara Bahri, Philip Pham, Jinfeng Rao, Liu Yang,
Sebastian Ruder, and Donald Metzler. 2020. Long
Range Arena: A Benchmark for Efficient Transform￾ers.
Nandan Thakur, Nils Reimers, Andreas Rücklé, Ab￾hishek Srivastava, and Iryna Gurevych. 2021. Beir:
A heterogenous benchmark for zero-shot evaluation
of information retrieval models. ArXiv preprint,
abs/2104.08663.
Hugo Touvron, Thibaut Lavril, Gautier Izacard, Xavier
Martinet, Marie-Anne Lachaux, Timothée Lacroix,
Baptiste Rozière, Naman Goyal, Eric Hambro, Faisal
Azhar, Aurelien Rodriguez, Armand Joulin, Edouard
Grave, and Guillaume Lample. 2023. Llama: Open
and efficient foundation language models. arXiv
preprint arXiv:2302.13971.
Oscar Tuvey and Procheta Sen. 2023. Automated argu￾ment generation from legal facts. arXiv:2310.05680.
Santosh T.Y.S.S, Rashid Gustav Haddad, and Matthias
Grabmair. 2024. Ecthr-pcr: A dataset for precedent
understanding and prior case retrieval in the european
court of human rights. ArXiv preprint.
Liang Wang, Nan Yang, Xiaolong Huang, Binx￾ing Jiao, Linjun Yang, Daxin Jiang, Rangan Ma￾jumder, and Furu Wei. 2022. Text embeddings by
weakly-supervised contrastive pre-training. ArXiv,
abs/2212.03533.
Liang Wang, Nan Yang, Xiaolong Huang, Linjun Yang,
Rangan Majumder, and Furu Wei. 2023. Improving
text embeddings with large language models. arXiv
preprint arXiv:2401.00368.
Orion Weller, Benjamin Chang, Sean MacAvaney, Kyle
Lo, Arman Cohan, Benjamin Van Durme, Dawn
Lawrie, and Luca Soldaini. 2024. Followir: Eval￾uating and teaching information retrieval models to
follow instructions. ArXiv, abs/2403.15246.
Robert A Wilson. 1962. Computer retrieval of case law.
Sw. LJ, 16:409.
Shitao Xiao, Zheng Liu, Peitian Zhang, and Niklas
Muennighoff. 2023. C-pack: Packaged resources
to advance general chinese embedding. Preprint,
arXiv:2309.07597.
Eugene Yang, Dawn Lawrie, James Mayfield, Dou￾glas W. Oard, and Scott Miller. 2024. Translate￾distill: Learning cross-language dense retrieval by
translation and distillation. In Proceedings of the
46th European Conference on Information Retrieval
(ECIR).
Weizhe Yuan, Graham Neubig, and Pengfei Liu. 2021.
Bartscore: Evaluating generated text as text genera￾tion. ArXiv, abs/2106.11520.
Xinyu Crystina Zhang, Andrew Yates, and Jimmy J. Lin.
2021. Comparing score aggregation approaches for
document retrieval with pretrained transformers. In
European Conference on Information Retrieval.
Lianmin Zheng, Wei-Lin Chiang, Ying Sheng, Siyuan
Zhuang, Zhanghao Wu, Yonghao Zhuang, Zi Lin,
Zhuohan Li, Dacheng Li, Eric. P Xing, Hao Zhang,
Joseph E. Gonzalez, and Ion Stoica. 2023. Judg￾ing llm-as-a-judge with mt-bench and chatbot arena.
Preprint, arXiv:2306.05685.
A Compute Infrastructure
We run our experiments on 24GB Nvidia Quadro
RTX 6000 GPUs for retrieval and 80GB Nvidia
A100s for RAG experiments. Retrieval indexing
takes around 60 hours for a BERT-base sized model
on one GPU. For RAG experiments, they take ap￾proximately 2 hours per model on one GPU.
B U.S. Legal Data Taxonomy
Figure 6 shows a taxonomy of U.S. legal data. We
use that data from CAP, which provides U.S. fed￾eral cases. Note that U.S. legal text can vary widely
according to the type, however, we use federal case
law due to its widespread usage and availability.
Constitution
Administrative
Regulations
CLERC
Constitution
Administrative
Regulations Case Law
Legislative
History Statutes
State Court
Cases
Federal
Cases
CLERC
Case Law Legislative
History
Statutes
State Court
Cases
Federal
Cases
Tax Court
Memorandum
Decisions
CAP
transform
Figure 6: A taxonomy of U.S. legal data. CLERC is a subset of federal cases, which are a subset of case law. CLERC
contains millions of documents and has much room for improvement.
C Prompt for Argument Generation
User prompt:
Here are some reference articles for
legal cases:
# Reference case {case_key_1}
{text of cited case 1}
# Reference case {case_key_2}
{text of cited case 2}
. . .
# Reference case {case_key_N}
{text of cited case N}
Here is the text I’ve written so
far:
# Paragrah
{previous_text}
Continue to write it following the style
of my writeup. Your answer contains
100 to 400 words. You must explicitly
use the reference cases and mention
their reference ids, i.e. {case_key_1},
{case_key_2} . . . {case_key_N}. Wrap your
answer with <answer></answer>. Make
your answer concise and avoid redundant
languages.
{previous_text} refers to the previous
context before the reference paragraph, i.e.
(p1, p2, . . . , pt−1) defined in Section 4.2. {text
cited case i} refers to the reference articles, i.e.
Rt defined in Section 4.2, and {case_key_i} are
the associated citation keys.
For the ablation study, we experiment prompting
LLMs without explicitly providing the text of cited
cases with the following prompt:
User prompt:
Here is the text I’ve written so far:
# Paragrah
{previous_text}
Continue to write it following the
style of my writeup. Your answer
contains 100 to 400 words. Wrap your
answer with <answer></answer>. Make
your answer concise and avoid redundant
languages.
D Additional Experimental Results
D.1 Parse Direct Quotes and Filter Queries
We design a simple heuristics program to parse
direct quotes. CAP uses special double quotation
marks for all direct quotes, which have unicode val￾ues of 8220 and 8221. We extract all texts quoted
by these special quotation marks, and we pair them
with the nearest case citation.
To locate and filter the central citation sentences
in the queries, we design an involved RegEx pro￾gram. The high-level overview is that it will find
the start of the citation sentence, which is usually
some Entity A v. Entity B, and we recognize the
start by referring to the metadata of CAP. There
are other variant formats to start a citation sentence,
such as Id., See., and In re, and we also accomodate
these formats in the filter program (Review, 2020).
We find the end of the citation by locating some
notable punctuations, such as closing parenthesis,
semicolon, etc. In the event that we find outlier
citation sentences, we would report them as failure
cases. The average failure rate is around 11%.
For more specific details, please refer to our code
and repo.
D.2 Retrieve with Direct Quote
Around 33% of the time, we find that case docu￾ments cite other cases in the form of direct quo￾tations. We parse such direct quotes from case
documents and used them as queries for retrieval,
expecting a near-perfect accuracy. However, con￾ducting exact matches with grep, we only retrieve
Types of alterations in direct quote:
Contextual clarification:
Query: “A reading of the entire [Wage] Act clearly shows that the purpose of the Act is to assist...”
Original: “A reading of the entire Act clearly shows that the purpose of the Act is to assist...”
Rephrases:
Query: “punishable for a term of imprisonment exceeding one year.”
Original: “punishable by imprisonment for more than one year.”
Punctuation changes:
Query: “an account of the time, place, and specific content of the false representations as well as the identities of the
parties to the misrepresentations.”
Original: an account “of the time, place, and specific content of the false representations as well as the identities of the
parties to the misrepresentations.”
Figure 7: Direct quote may experience different types of alterations and degrade retrieval performance.
16% of the direct quotes. We discover that at least
25.4% of the direct quotes experience subtle alter￾ations with the use of square brackets (see Figure
7), which partly causes the low recall.
Therefore, we further conduct retrieval exper￾iments of direct quotes with BM25 and n-gram
match, in the hope that these “soft” term match￾ing methods could overcome subtle alterations and
yield a higher recall. Results in Table 5 show that
the highest Recall@1000 is only 66.7%, which is
far from perfect.
By examining the case texts, we attribute this
result to mainly three reasons. First, direct quote,
when being cited, commonly experiences slight
alterations in punctuation, wording, and pronouns
for clarification purposes or due to human errors
(see Figure 7).
Second, when retrieving a direct quote that con￾sists of common words or widely used legal terms,
soft term matching methods could retrieve multiple
false positive documents that contain multiple oc￾currences of these common terms and push down
the ranking of the actual positive document.
Third, direct quotes often appear in contexts of
various neighboring case citations that point to a
set of candidate documents. Unless investigating
and searching all candidate documents, it is not
apparent which direct quote corresponds to which
case. While we develop a program (see Section
D.2) to determine the correspondence based on the
proximity of direct quotes to citations, this corre￾spondence determination is imperfect and remains
an open question to be addressed in future works.
D.3 Retrieve with Cross-Encoders
We conduct additional retrieval experiments with
the same data and metrics setup in Section 4.1
using multiple Cross-Encoders in Table 6. We
rerank the top-100 outputs of E5 (Wang et al.,
2023) with RankLlama (Ma et al., 2023), MonoT5-
3B (Nogueira et al., 2020), and FollowIR (Weller
et al., 2024). We discover that reranking with cross￾encoders degrades the retrieval performance. A
possible explanation is that due to domain mis￾match, rerankers are unable to rerank long-context
legal data that have distinct styles and length from
the data rerankers were trained on.
E Qualitative Example
Please see Figure 8 for an example of problematic
legal analysis generated by GPT-4o, which exhibits
hallucination and achieves low citation precision
and recall. We discover that citations from the
cited cases are a possible source of hallucination,
meaning that the model confuses the cases they
should cite with the citations in those cases. It is
possible to mitigate this with more refined prompt
engineering, which we will leave to future works.
Recall@5 ↑ Recall@10 ↑ Recall@100 ↑ Recall@1000 ↑ nDCG@10 ↑
BM25 18.8 25.2 45.7 66.7 15.8
5-gram 30.3 36.4 44.7 44.8 23.0
12-gram 31.1 35.7 40.1 40.1 22.8
Table 5: Retrieval experiment results using direct quote as query. All numbers are in percentage.
Type Params Length Model Metrics
R@10 nDCG@10
Bi-Encoders 110M 512 E5 8.4 3.67
Cross-Encoders
7B 512 E5 + RankLlama 4.7 2.14
3B 512 E5 + MonoT5 4.2 2.00
7B 512 E5 + FollowIR 5.1 2.14
Table 6: Retrieval results with Cross-Encoders. All numbers are in percentage
Gold paragraph:
A pro se complaint, “however unlawfully pleaded,” is held “to less stringent standards than formal pleadings drafted by
lawyers.” Hughes v. Rowe, 449 U.S. 5, 9, 101 S.Ct. 173, 66 L.Ed.2d 163 (1980). The court’s role is to ensure that claims
of pro se litigants are given “fair and meaningful consideration.” Matzker v. Herr, 748 F.2d 1142, 1146 (7th Cir.1984).
Accordingly, pro se complaints must be liberally construed. Estelle v. Gamble, 429 U.S. 97, 106, 97 S.Ct. 285, 50 L.Ed.2d
251 (1976). The complaint need not specify the correct legal theory, nor point to the correct statute in order to survive a
motion to dismiss. Bartholet v. Reishauer A.G. (Zurich), 953 F.2d 1073, 1078 (7th Cir.1992). Finally, a district court
may dismiss a complaint only if “it appears beyond doubt that the plaintiff can prove no set of facts in support of his claim
which would entitle him to relief.” Hughes, supra, 449 U.S. at 10, 101 S.Ct. 173.
GPT-4o generation:
Liberal Construction of Pro Se Complaints
The City contends that Mr. Cleaves’ complaint should be dismissed because it fails to state a claim upon which
relief can be granted. However, it is well-established that complaints filed by pro se litigants must be held to less
stringent standards than those drafted by lawyers. As the Supreme Court noted in Haines v. Kerner, “however inartfully
pleaded,” a pro se complaint must be liberally construed and should not be dismissed unless it appears beyond doubt that
the plaintiff can prove no set of facts in support of his claim which would entitle him to relief (404 U.S. 519, 520-21 (1972)).
Similarly, in Hughes v. Rowe, the Court reiterated this principle, emphasizing that the district court’s role
is to ensure that pro se litigants’ claims are given fair and meaningful consideration (449 U.S. 5, 9-10,
101 S.Ct. 173, 175, 66 L.Ed.2d 163 (1980)). Courts must determine whether the plaintiff should be allowed to
present evidence on his claims before deciding on a motion to dismiss (748 F.2d 1142).
Additionally, considering the liberal standards applied to such cases as set forth in Estelle v. Gamble (429 U.S. 97, 106
(1976)), and in light of the notice-pleading standard of the Federal Rules of Civil Procedure (Rule 8(a)), Mr. Cleaves’
allegations, though detailed, sufficiently provide the City with notice of the claims and underlying facts.
Therefore, the City’s motion to dismiss Mr. Cleaves’ pro se complaint is denied as it fails to demonstrate that there are no
conceivable facts under which Mr. Cleaves could prevail.
Reference texts:
449 U.S. 5
purports to justify or explain the segregation of petitioner for two days in advance of the disciplinary hearing. II Petitioner’s
complaint, like most prisoner complaints filed in the Northern District of Illinois, was not prepared by counsel. It is settled
law that the allegations of such a complaint, “however inartfully pleaded” are held “to less stringent standards than formal
pleadings drafted by lawyers ....” Haines v. Kerner, 404 U. S. 519, 520 (1972). See also Maclin v. Paulson, 627 F. 2d 83, 86
(CA7 1980); French v. Heyne, 547 F. 2d 994, 996 (CA7 1976). · · · (omitted for brevity) · · ·
748 F.2d 1142
magistrate erred in applying the deliberate indifference standard in dismissing this complaint. III. Our inquiry turns,
therefore, to the question of whether Matzker stated a cause of action when judged under due process standards. A complaint
drafted by a pro se litigant “however inartfully pleaded,” is held “to less stringent standards than formal pleadings drafted by
lawyers.” Hughes v. Rowe, 449 U.S. 5, 9, 101 S.Ct. 173, 175, 66 L.Ed.2d 163 (1980). The district court’s role is to ensure
that the claims of pro se litigants are given “fair and meaningful consideration.” · · · (omitted for brevity) · · ·
429 U.S. 97
to evidence deliberate indifference to serious medical needs. It is only such indifference that can offend “evolving standards
of decency” in violation of the Eighth Amendment. Ill Against this backdrop, we now consider whether respondent’s
complaint states a cognizable § 1983 claim. The handwritten pro se document is to be liberally construed. · · · (omitted for
brevity) · · ·
953 F.2d 1073
it done so, ERISA still would govern unless the plan were “unfunded.” The exemption recognizes that a suit concerning
an unfunded plan is one directly against the employer’s assets, and as ERISA leaves excess benefit plans substantively
unregulated there is no reason to oust state law. · · · (omitted for brevity) · · ·
Figure 8: Example GPT-4o generation that exhibits hallucination and low citation precision and recall. The input
of generation is all referenced texts concatenated with all paragraphs before the gold paragraph in the original
case document. The generation is supposed to generate all citations in the gold paragraph. Green italicized texts
are citations successfully generated, yellow texts in teletype fonts are citation missed in generation, and
red underlined texts are hallucinated citations. GPT-4o should cite all referenced cases (449 U.S. 5, 748 F.2d 1142,
429 U.S. 97, 953 F.2d 1073). Instead, since we provide the actual texts of referenced cases, GPT-4o hallucinates
citations from citations in referenced cases, which we underline with red color. In summary, the generation
achieves the following results on citation metrics: CP = 3/5, CR = 3/4, CF P = 2/5.",https://arxiv.org/pdf/2406.17186
